dlambda,protein,exp_rg,exp_rg_err,exp_ree,exp_ree_err,temp,ionic,pH,seq,rg,rg_err,ree,ree_err,bs_rg0,bs_rg1,bs_rg2,bs_ree0,bs_ree1,bs_ree2,acf_rg0,acf_rg1,acf_rg2,acf_ree0,acf_ree1,acf_ree2,rel_err_rg,rel_err_ree,up_rg,up_rg_err,up_exp_rg,up_exp_rg_err,drg,drg_err,exp_drg,exp_drg_err,ratio_rg,ratio_rg_err,exp_ratio_rg,exp_ratio_rg_err,rel_err_drg,rel_err_ratio,chi2_rg,chi2_drg,chi2_ratio,chi2_rg_ne,chi2_drg_ne,chi2_ratio_ne
-0.62,10pAsh1,2.75,0.01,0.0,0.0,298,0.19,7.5,SASSBPBPSOPTKSGKMRSRSSBPVRPKAYOPBPRBPNYHRFALDBPPQBPRRSSNSSITKKGSRRSSGSBPTRHTTRVCV,2.395205662201811,0.0031699450734039977,5.694186528523763,0.01875095383331943,12.333333333333334,12.333333333333334,12.333333333333334,13.0,13.0,13.0,0.005232600046956667,0.005232600046956667,0.005232600046956667,-0.0009257041377208666,-0.0009257041377208666,-0.0009257041377208666,-0.1290161228357051,inf,2.6321006331148484,0.002466346996860412,2.9,0.05,-0.23689497091303746,0.00247639554862881,-0.1499999999999999,0.050100000000000006,-0.09890381216587053,0.00133,-0.054545454545454515,0.11162,0.5792998060869173,-0.8132365563742942,1258.7902213365544,3.0082493575633724,0.15793081605817547,0.12587902213365545,0.007550735969977642,0.0019676638907807197
-0.62,pCTD2,2.75,0.01,0.0,0.0,296,0.117,7.5,FAGSGSNIYSPGNAYSPSBSNYSPNBPSYSPTBPSYSPSBPSYSPTBPCYSPTBPSYSPTBPNYTPVOPSYSPTBPNYSABPQ,2.9499994501901248,0.006639664942308227,7.109647750854492,0.01674794690447894,3.0,3.0,3.0,2.3333333333333335,2.3333333333333335,2.3333333333333335,-0.08429561585013919,-0.08429561585013919,-0.08429561585013919,-0.05534699469295364,-0.05534699469295364,-0.05534699469295364,0.07272707279640901,inf,2.3620186802438656,0.0005836053326587946,2.61,0.05,0.5879807699462591,0.0006276904832049115,0.14000000000000012,0.050100000000000006,0.19931555238370105,0.00225,0.05090909090909095,0.12811,3.199862642473276,2.915126921822696,399.997800763522,79.95456999838368,1.3419599595482508,0.0399997800763522,0.20068677024164305,0.02202447780741493
-0.62,pSic-6fold,3.18,0.11,0.0,0.0,293,0.191,7.5,GSMTPSOPPRSRGTRYLAQPSGNTSSSALMQGQKOPQKPSQNLVPVOPSTTKSFKNAPLLAPPNSNMGMTBPFNGLTBPQRBPFPKSSVKRT,2.718442844283675,0.0034970222277577595,6.320327599843343,0.015076481874563777,12.0,12.0,12.0,14.0,14.0,14.0,0.0544868089455167,0.0544868089455167,0.0544868089455167,0.04092717417645437,0.04092717417645437,0.04092717417645437,-0.14514375965922174,inf,2.756611880984958,0.0042807777634525125,3.0,0.41,-0.0381690367012828,0.004293006927913945,0.18000000000000016,0.4221,-0.014040772194841034,0.01272,0.05660377358490571,5.49913,-1.2120502038960153,-1.248053642108858,17.606199007681326,0.26715021240390346,0.00016503243252538686,0.21303500799294403,0.047597728575165754,0.004990651848426733
-0.62,pSic-7fold,3.18,0.11,0.0,0.0,293,0.191,7.5,GSMOPSOPPRSRGTRYLAQPSGNTSSSALMQGQKOPQKPSQNLVPVOPSTTKSFKNAPLLAPPNSNMGMTBPFNGLTBPQRBPFPKSSVKRT,2.741635705360474,0.008271556566226263,6.3652340571085615,0.025335952548921747,6.333333333333333,6.333333333333333,6.333333333333333,10.0,10.0,10.0,0.024781618595585902,0.024781618595585902,0.024781618595585902,0.0336703695418552,0.0336703695418552,0.0336703695418552,-0.13785040711934782,inf,2.756611880984958,0.0042807777634525125,3.0,0.41,-0.014976175624483723,0.0043491964114807935,0.18000000000000016,0.4221,-0.005462496565536461,0.08439,0.05660377358490571,5.49913,-1.0832009756915761,-1.096504105991144,15.881260728496631,0.2133695252775146,0.00012738647545583332,0.19216325481480923,0.03801570906114958,0.003852221890387669
-0.62,HPPAGE4,3.47,0.12,0.0,0.0,293,0.191,7.8,MSARVRSRBRGRGDGQEAPDVVAFVAPGESQQEEPPTDNQDIEPGQEREGOPPIEERKVEGCDQEMDLEKTRSERGDGSDVKEKTPPNPKHAKTKEAGDGQP,3.156236348333009,0.0030447787147707345,7.319179852803548,0.008196236055609615,12.0,12.0,12.0,9.0,9.0,9.0,0.10451761156519561,0.10451761156519561,0.10451761156519561,0.10238843788545297,0.10238843788545297,0.10238843788545297,-0.09042180163313869,inf,2.95389247057656,0.0020544108746381176,3.62,0.11,0.2023438777564488,0.0020636815520600387,-0.1499999999999999,0.1244,0.0641092286587848,0.00097,-0.04322766570605185,0.68866,-2.3489591850429927,2.483060156306556,6.836640910236461,8.022185473711195,0.024293401868074247,0.09844762910740504,0.12414620819245127,0.011521208891888101
-0.62,CPPAGE4,4.98,0.19,0.0,0.0,293,0.191,7.8,MSARVRBRBRGRGDGQEAPDVVAFVAPGESQQEEPPTDNQDIEPGQEREGOPPIEERKVEGCDQEMDLEKORBERGDGBDVKEKOPPNPKHAKOKEAGDGQP,3.486769898744228,0.0071224333977017345,8.301610310872396,0.03452736118856512,4.666666666666667,4.666666666666667,4.666666666666667,4.666666666666667,4.666666666666667,4.666666666666667,0.06800775191767794,0.06800775191767794,0.06800775191767794,0.09256496080201393,0.09256496080201393,0.09256496080201393,-0.29984540185858877,inf,2.95389247057656,0.0020544108746381176,3.62,0.11,0.532877428167668,0.0021051399321428146,1.3600000000000003,0.1461,0.15282838949584418,0.00204,0.2730923694779117,0.03986,-0.6081783616414207,-0.44037839728727657,61.76554391402559,32.050832427253305,9.103251798459146,2.229736135296324,0.6841317488345316,0.01446342488112714
-0.62,SN15p,0.96,0.06,0.0,0.0,293,0.166,7.5,DBBEEKFLRRIGRFG,0.9001332042946372,0.0008664863708299919,2.174409548441569,0.005204734425180853,3.0,3.0,3.0,3.3333333333333335,3.3333333333333335,3.3333333333333335,0.006983516123037233,0.006983516123037233,0.006983516123037233,0.008999584275177767,0.008999584275177767,0.008999584275177767,-0.062361245526419584,inf,0.9353405899415496,0.0009678012655744378,0.99,0.01,-0.03520738564691239,0.0009685520642052719,-0.030000000000000027,0.013600000000000001,-0.039113528396612834,0.00122,-0.03125000000000003,0.2148,0.17357952156374537,-0.2516329086916096,0.9955647855632348,0.14660934945755252,0.0013401899745711218,0.0035840332280276453,2.7116865275668918e-05,6.183507884433597e-05
-0.62,rOPNp,3.9,0.06,0.0,0.0,293,0.43,7.5,MPVKQADSGSSEQKQLYNKYPDAVATWLNPDPSQKQNLLAPQNAVBBBDDDDFKQETLPSKSNESHDHMDDMDDEDDDDHVDBQDBIDBNDBDDVDDTDDSHQBDEBHHBDEBDELVTDFPTDLPATEVFTPVVPTVDTYDGRGDSVVYGLRSKSKKHHHHHH,4.593025369394948,0.009291517644977288,10.498830795288086,0.05071136605163666,14.666666666666666,14.666666666666666,14.666666666666666,12.0,12.0,12.0,0.4704082056101415,0.4704082056101415,0.4704082056101415,0.3954052078773471,0.3954052078773471,0.3954052078773471,0.17769881266537138,inf,4.27773036166333,0.016112592759436235,3.86,0.06,0.3152950077316179,0.016198925059583157,0.040000000000000036,0.0636,0.06864647642326273,0.00333,0.010256410256410265,2.52815,6.88237519329044,5.69303145126811,133.41226739583465,18.736239983078086,0.0005334236404294802,0.4802841626250047,0.07578734128195154,0.003409399826969409
-0.62,pERa,3.91,0.03,0.0,0.0,278,0.2,7.4,MTMTLHTKASGMALLHQIQGNELEPLNRPQLKIPLERPLGEVYLDSSKPAVYNYPEGAAYEFNAAAAANAQVYGQTGLPYGPGSEAAAFGSNGLGGFPPLNSVSPSPLMLLHPPPQLBPFLQPHGQQVPYYLENEPSGYTVREAGPPAFYRPNSDNRRQGGRERLASTNDKGSMAMESAKETRY,3.552817341340503,0.009078513768636923,8.135282198588053,0.04100421324823304,15.333333333333334,15.333333333333334,15.333333333333334,14.666666666666666,14.666666666666666,14.666666666666666,0.29877215241906235,0.29877215241906235,0.29877215241906235,0.2060865502453523,0.2060865502453523,0.2060865502453523,-0.0913510635957793,inf,3.498263065735475,0.005779593205594796,3.39,0.02,0.054554275605028124,0.005862012617842126,0.52,0.020900000000000002,0.015355215414605135,0.01183,0.1329923273657289,0.00784,-0.8950879315287921,-0.8845405917863345,141.75494627451866,495.95870597642016,225.14203242466078,0.1275794516470668,0.21663972235756013,0.01383849010820123
-0.57,10pAsh1,2.75,0.01,0.0,0.0,298,0.19,7.5,SASSBPBPSOPTKSGKMRSRSSBPVRPKAYOPBPRBPNYHRFALDBPPQBPRRSSNSSITKKGSRRSSGSBPTRHTTRVCV,2.3731772006975196,0.0021409972017067997,5.621153036753337,0.01157835077449796,8.0,8.0,8.0,6.333333333333333,6.333333333333333,6.333333333333333,0.015773316037570033,0.015773316037570033,0.015773316037570033,0.0133628599697425,0.0133628599697425,0.0133628599697425,-0.13702647247362923,inf,2.6321006331148484,0.002466346996860412,2.9,0.05,-0.25892343241732885,0.002470930865878128,-0.1499999999999999,0.050100000000000006,-0.10910412940981676,0.00091,-0.054545454545454515,0.11162,0.7261562161155267,-1.0002423725133083,1419.9542207415743,4.726799546445004,0.23891509538701863,0.14199542207415744,0.011864314129572425,0.0029766490029551926
-0.57,pCTD2,2.75,0.01,0.0,0.0,296,0.117,7.5,FAGSGSNIYSPGNAYSPSBSNYSPNBPSYSPTBPSYSPSBPSYSPTBPCYSPTBPSYSPTBPNYTPVOPSYSPTBPNYSABPQ,2.9449216083038756,0.006395487893666481,7.087273279825847,0.03658905361279835,2.0,2.0,2.0,2.6666666666666665,2.6666666666666665,2.6666666666666665,-0.08621786035982433,-0.08621786035982433,-0.08621786035982433,-0.04522830800618604,-0.04522830800618604,-0.04522830800618604,0.07088058483777294,inf,2.3620186802438656,0.0005836053326587946,2.61,0.05,0.58290292806001,0.000624507598056829,0.14000000000000012,0.050100000000000006,0.19793495569334774,0.00217,0.05090909090909095,0.12811,3.163592343285782,2.888008058262184,379.94433383769507,78.15227974555091,1.3171081063400838,0.03799443338376951,0.19616300368413028,0.021616604915558557
-0.57,pSic-6fold,3.18,0.11,0.0,0.0,293,0.191,7.5,GSMTPSOPPRSRGTRYLAQPSGNTSSSALMQGQKOPQKPSQNLVPVOPSTTKSFKNAPLLAPPNSNMGMTBPFNGLTBPQRBPFPKSSVKRT,2.710514284154829,0.004223351510060136,6.319418748219808,0.023181431860041908,6.666666666666667,6.666666666666667,6.666666666666667,6.0,6.0,6.0,0.0160309100810142,0.0160309100810142,0.0160309100810142,0.033286877585110036,0.033286877585110036,0.033286877585110036,-0.14763701756137462,inf,2.756611880984958,0.0042807777634525125,3.0,0.41,-0.04609759683012893,0.00429861446143004,0.18000000000000016,0.4221,-0.01700695587535069,0.00883,0.05660377358490571,5.49913,-1.2560977601673826,-1.3004562204645287,18.216267552285366,0.286920241878791,0.00017918195462327216,0.2204168373826529,0.0511201232923596,0.00541853949167106
-0.57,pSic-7fold,3.18,0.11,0.0,0.0,293,0.191,7.5,GSMOPSOPPRSRGTRYLAQPSGNTSSSALMQGQKOPQKPSQNLVPVOPSTTKSFKNAPLLAPPNSNMGMTBPFNGLTBPQRBPFPKSSVKRT,2.736631042834345,0.004317518948233908,6.370327472686768,0.007582143945137822,5.666666666666667,5.666666666666667,5.666666666666667,5.333333333333333,5.333333333333333,5.333333333333333,0.028540745202506934,0.028540745202506934,0.028540745202506934,0.0347446908871732,0.0347446908871732,0.0347446908871732,-0.13942420036655823,inf,2.756611880984958,0.0042807777634525125,3.0,0.41,-0.0199808381506128,0.004299418733320871,0.18000000000000016,0.4221,-0.007301253927865456,0.04633,0.05660377358490571,5.49913,-1.1110046563922933,-1.1289888193922895,16.245953072575254,0.22446367247382215,0.00013504611009802566,0.19657603217816055,0.03999233562742165,0.004083852541408039
-0.57,HPPAGE4,3.47,0.12,0.0,0.0,293,0.191,7.8,MSARVRSRBRGRGDGQEAPDVVAFVAPGESQQEEPPTDNQDIEPGQEREGOPPIEERKVEGCDQEMDLEKTRSERGDGSDVKEKTPPNPKHAKTKEAGDGQP,3.1499873461910877,0.007128923196381414,7.279097557067871,0.029703916944909613,6.0,6.0,6.0,6.666666666666667,6.666666666666667,6.666666666666667,0.0856495003766307,0.0856495003766307,0.0856495003766307,0.08354164148489,0.08354164148489,0.08354164148489,-0.09222266680372118,inf,2.95389247057656,0.0020544108746381176,3.62,0.11,0.19609487561452754,0.0021052324205780228,-0.1499999999999999,0.1244,0.0622525915387064,0.00227,-0.04322766570605185,0.68866,-2.3072991707635175,2.4401099509287425,7.111673513737701,7.7401535684233025,0.023460250448063914,0.10240809859782289,0.11978166292663522,0.011126084668420376
-0.57,CPPAGE4,4.98,0.19,0.0,0.0,293,0.191,7.8,MSARVRBRBRGRGDGQEAPDVVAFVAPGESQQEEPPTDNQDIEPGQEREGOPPIEERKVEGCDQEMDLEKORBERGDGBDVKEKOPPNPKHAKOKEAGDGQP,3.4788093326707177,0.004453154988365049,8.287212371826172,0.010484007823115043,7.666666666666667,7.666666666666667,7.666666666666667,4.666666666666667,4.666666666666667,4.666666666666667,0.07115502458509793,0.07115502458509793,0.07115502458509793,0.08133585836694353,0.08133585836694353,0.08133585836694353,-0.3014439091022656,inf,2.95389247057656,0.0020544108746381176,3.62,0.11,0.5249168620941576,0.0020742414639885183,1.3600000000000003,0.1461,0.15088980507338512,0.00128,0.2730923694779117,0.03986,-0.6140317190484137,-0.4474770373048105,62.42585650073511,32.67074192358233,9.39909524469768,2.2535734196765373,0.6973638472146688,0.014933466747042469
-0.57,SN15p,0.96,0.06,0.0,0.0,293,0.166,7.5,DBBEEKFLRRIGRFG,0.8974797068274291,0.0004598523339885417,2.158703009287516,0.002630092047517874,10.0,10.0,10.0,3.0,3.0,3.0,0.008250463295236033,0.008250463295236033,0.008250463295236033,0.0096933790098747,0.0096933790098747,0.0096933790098747,-0.0651253053880947,inf,0.9353405899415496,0.0009678012655744378,0.99,0.01,-0.0378608831141205,0.0009680127297435124,-0.030000000000000027,0.013600000000000001,-0.04218578183562265,0.00083,-0.03125000000000003,0.2148,0.26202943713734894,-0.3499450187399237,1.0857741828845044,0.3340910647375888,0.0025919768672329063,0.003908787058384216,6.179348333386444e-05,0.00011959132435633376
-0.57,rOPNp,3.9,0.06,0.0,0.0,293,0.43,7.5,MPVKQADSGSSEQKQLYNKYPDAVATWLNPDPSQKQNLLAPQNAVBBBDDDDFKQETLPSKSNESHDHMDDMDDEDDDDHVDBQDBIDBNDBDDVDDTDDSHQBDEBHHBDEBDELVTDFPTDLPATEVFTPVVPTVDTYDGRGDSVVYGLRSKSKKHHHHHH,4.575196398435025,0.0169992194528106,10.446536699930826,0.0662946451819224,22.0,22.0,22.0,17.333333333333332,17.333333333333332,17.333333333333332,0.46771808990621705,0.46771808990621705,0.46771808990621705,0.3902195423024369,0.3902195423024369,0.3902195423024369,0.17312728165000632,inf,4.27773036166333,0.016112592759436235,3.86,0.06,0.29746603677169414,0.01640156622144105,0.040000000000000036,0.0636,0.06501710765322431,0.0048,0.010256410256410265,2.52815,6.436650919292347,5.339167996189365,126.63616012767461,16.387989026077722,0.0004691721936834938,0.4558901764596286,0.06628876009092334,0.0029987339793854373
-0.57,pERa,3.91,0.03,0.0,0.0,278,0.2,7.4,MTMTLHTKASGMALLHQIQGNELEPLNRPQLKIPLERPLGEVYLDSSKPAVYNYPEGAAYEFNAAAAANAQVYGQTGLPYGPGSEAAAFGSNGLGGFPPLNSVSPSPLMLLHPPPQLBPFLQPHGQQVPYYLENEPSGYTVREAGPPAFYRPNSDNRRQGGRERLASTNDKGSMAMESAKETRY,3.5331151681459936,0.007763320388379961,8.098076820373535,0.02625610710350532,12.333333333333334,12.333333333333334,12.333333333333334,12.333333333333334,12.333333333333334,12.333333333333334,0.29940459666304725,0.29940459666304725,0.29940459666304725,0.21052919472014642,0.21052919472014642,0.21052919472014642,-0.09638998257135717,inf,3.498263065735475,0.005779593205594796,3.39,0.02,0.034852102410518615,0.005839862349047432,0.52,0.020900000000000002,0.009864411645773579,0.02816,0.1329923273657289,0.00784,-0.932976726133618,-0.925827212432741,157.82464053513644,538.83492258761,246.6498924526959,0.1420421764816228,0.23536848253549394,0.015160483629540424
-0.52,10pAsh1,2.75,0.01,0.0,0.0,298,0.19,7.5,SASSBPBPSOPTKSGKMRSRSSBPVRPKAYOPBPRBPNYHRFALDBPPQBPRRSSNSSITKKGSRRSSGSBPTRHTTRVCV,2.35931720511909,0.0037994203976546934,5.593594868977864,0.015153629515977544,9.333333333333334,9.333333333333334,9.333333333333334,12.0,12.0,12.0,0.016613054227136503,0.016613054227136503,0.016613054227136503,-0.008836109208052266,-0.008836109208052266,-0.008836109208052266,-0.14206647086578544,inf,2.6321006331148484,0.002466346996860412,2.9,0.05,-0.2727834279957584,0.0024807825922185263,-0.1499999999999999,0.050100000000000006,-0.11561964936460896,0.00161,-0.054545454545454515,0.11162,0.8185561866383904,-1.1196935716844987,1526.3304621595914,6.006259015059543,0.2993859834489153,0.15263304621595916,0.015075770190389606,0.0037300572728080315
-0.52,pCTD2,2.75,0.01,0.0,0.0,296,0.117,7.5,FAGSGSNIYSPGNAYSPSBSNYSPNBPSYSPTBPSYSPSBPSYSPTBPCYSPTBPSYSPTBPNYTPVOPSYSPTBPNYSABPQ,2.938703149786027,0.002574567978208408,7.069819609324138,0.020958471385114565,11.666666666666666,11.666666666666666,11.666666666666666,6.666666666666667,6.666666666666667,6.666666666666667,-0.0820664156328371,-0.0820664156328371,-0.0820664156328371,-0.05944404556168673,-0.05944404556168673,-0.05944404556168673,0.06861932719491891,inf,2.3620186802438656,0.0005836053326587946,2.61,0.05,0.5766844695421613,0.0005902337329332107,0.14000000000000012,0.050100000000000006,0.19623774166647318,0.00088,0.05090909090909095,0.12811,3.119174782444006,2.854669925591434,356.0887873916774,75.97313394740208,1.286875168154078,0.03560887873916774,0.19069332593931873,0.02112041673096117
-0.52,pSic-6fold,3.18,0.11,0.0,0.0,293,0.191,7.5,GSMTPSOPPRSRGTRYLAQPSGNTSSSALMQGQKOPQKPSQNLVPVOPSTTKSFKNAPLLAPPNSNMGMTBPFNGLTBPQRBPFPKSSVKRT,2.709552069553889,0.004182800068264821,6.325083096822103,0.012376607995732328,5.0,5.0,5.0,5.333333333333333,5.333333333333333,5.333333333333333,0.028428671130272434,0.028428671130272434,0.028428671130272434,0.042726809836426405,0.042726809836426405,0.042726809836426405,-0.1479396007692174,inf,2.756611880984958,0.0042807777634525125,3.0,0.41,-0.047059811431068965,0.004298273579863589,0.18000000000000016,0.4221,-0.017368114811248885,0.00848,0.05660377358490571,5.49913,-1.2614433968392718,-1.30683669499873,18.291012831490015,0.28936755941815206,0.00018094452148783078,0.2213212552610292,0.051556157967112666,0.005471840272893151
-0.52,pSic-7fold,3.18,0.11,0.0,0.0,293,0.191,7.5,GSMOPSOPPRSRGTRYLAQPSGNTSSSALMQGQKOPQKPSQNLVPVOPSTTKSFKNAPLLAPPNSNMGMTBPFNGLTBPQRBPFPKSSVKRT,2.730528251797569,0.002865754357428818,6.367651144663493,0.01341106280824093,5.666666666666667,5.666666666666667,5.666666666666667,6.333333333333333,6.333333333333333,6.333333333333333,0.024093858954713204,0.024093858954713204,0.024093858954713204,0.025273669906878533,0.025273669906878533,0.025273669906878533,-0.14134331704478964,inf,2.756611880984958,0.0042807777634525125,3.0,0.41,-0.026083629187388713,0.004288990311489635,0.18000000000000016,0.4221,-0.009552594509951422,0.02706,0.05660377358490571,5.49913,-1.1449090510410482,-1.1687625030091415,16.696268796045423,0.23837257243888074,0.0001447289251494409,0.2020248524321496,0.0424704622190452,0.0043766650395022305
-0.52,HPPAGE4,3.47,0.12,0.0,0.0,293,0.191,7.8,MSARVRSRBRGRGDGQEAPDVVAFVAPGESQQEEPPTDNQDIEPGQEREGOPPIEERKVEGCDQEMDLEKTRSERGDGSDVKEKTPPNPKHAKTKEAGDGQP,3.130127249535285,0.005729413030022459,7.198411305745442,0.016973088969856952,11.666666666666666,11.666666666666666,11.666666666666666,12.333333333333334,12.333333333333334,12.333333333333334,0.09081822138795263,0.09081822138795263,0.09081822138795263,0.0889381043362274,0.0889381043362274,0.0889381043362274,-0.09794603759790056,inf,2.95389247057656,0.0020544108746381176,3.62,0.11,0.17623477895872508,0.002087237048306709,-0.1499999999999999,0.1244,0.056302752223536534,0.00184,-0.04322766570605185,0.68866,-2.1748985263915013,2.302470334771146,8.021769896420167,6.877328282007538,0.02088824433465795,0.11551348650845042,0.10642913100224816,0.00990630409323853
-0.52,CPPAGE4,4.98,0.19,0.0,0.0,293,0.191,7.8,MSARVRBRBRGRGDGQEAPDVVAFVAPGESQQEEPPTDNQDIEPGQEREGOPPIEERKVEGCDQEMDLEKORBERGDGBDVKEKOPPNPKHAKOKEAGDGQP,3.4820136684696092,0.005238975832390372,8.254840850830078,0.016185748666707085,5.0,5.0,5.0,4.666666666666667,4.666666666666667,4.666666666666667,0.07021512667080672,0.07021512667080672,0.07021512667080672,0.08190965479544222,0.08190965479544222,0.08190965479544222,-0.30080046817879336,inf,2.95389247057656,0.0020544108746381176,3.62,0.11,0.5281211978930491,0.002081857742410488,1.3600000000000003,0.1461,0.1516712018322333,0.0015,0.2730923694779117,0.03986,-0.6116755897845227,-0.4446157462319694,62.159641259054816,32.420498153679254,9.279278750362813,2.243963049451879,0.692022341394896,0.014743099952439945
-0.52,SN15p,0.96,0.06,0.0,0.0,293,0.166,7.5,DBBEEKFLRRIGRFG,0.896062948171867,0.0008594329561129038,2.1560861269632974,0.0038474691601758856,5.333333333333333,5.333333333333333,5.333333333333333,6.333333333333333,6.333333333333333,6.333333333333333,0.009998150290393233,0.009998150290393233,0.009998150290393233,0.0044231612734535,0.0044231612734535,0.0044231612734535,-0.06660109565430512,inf,0.9353405899415496,0.0009678012655744378,0.99,0.01,-0.039277641769682514,0.0009685398905804908,-0.030000000000000027,0.013600000000000001,-0.04383357424812187,0.00114,-0.03125000000000003,0.2148,0.30925472565608264,-0.40267437593989863,1.1355407212425985,0.46536892737109203,0.003431938351079589,0.0040879465964733545,8.60746368065572e-05,0.0001583463408579952
-0.52,rOPNp,3.9,0.06,0.0,0.0,293,0.43,7.5,MPVKQADSGSSEQKQLYNKYPDAVATWLNPDPSQKQNLLAPQNAVBBBDDDDFKQETLPSKSNESHDHMDDMDDEDDDDHVDBQDBIDBNDBDDVDDTDDSHQBDEBHHBDEBDELVTDFPTDLPATEVFTPVVPTVDTYDGRGDSVVYGLRSKSKKHHHHHH,4.575374234891259,0.013422753378457674,10.460597356160482,0.04180093436122187,16.666666666666668,16.666666666666668,16.666666666666668,15.333333333333334,15.333333333333334,15.333333333333334,0.47776565341417965,0.47776565341417965,0.47776565341417965,0.40252121283715275,0.40252121283715275,0.40252121283715275,0.1731728807413486,inf,4.27773036166333,0.016112592759436235,3.86,0.06,0.29764387322792896,0.016292763067695133,0.040000000000000036,0.0636,0.06505344873390513,0.00419,0.010256410256410265,2.52815,6.441096830698218,5.3427112515557456,126.70287698748727,16.410635806507134,0.000469795117894182,0.45613035715495415,0.0663803654118891,0.0030027154259040533
-0.52,pERa,3.91,0.03,0.0,0.0,278,0.2,7.4,MTMTLHTKASGMALLHQIQGNELEPLNRPQLKIPLERPLGEVYLDSSKPAVYNYPEGAAYEFNAAAAANAQVYGQTGLPYGPGSEAAAFGSNGLGGFPPLNSVSPSPLMLLHPPPQLBPFLQPHGQQVPYYLENEPSGYTVREAGPPAFYRPNSDNRRQGGRERLASTNDKGSMAMESAKETRY,3.5486500126155582,0.011565731098223026,8.138923327128092,0.03583389420964535,12.0,12.0,12.0,13.666666666666666,13.666666666666666,13.666666666666666,0.320933464576949,0.320933464576949,0.320933464576949,0.22223779772646282,0.22223779772646282,0.22223779772646282,-0.09241687656891097,inf,3.498263065735475,0.005779593205594796,3.39,0.02,0.05038694688008327,0.005913359341431199,0.52,0.020900000000000002,0.014198905696801925,0.01415,0.1329923273657289,0.00784,-0.9031020252306091,-0.8932351513952009,145.08201486970702,504.8795120546913,229.58983613291815,0.13057381338273633,0.22053641966060974,0.014111877031811493
-0.47,10pAsh1,2.75,0.01,0.0,0.0,298,0.19,7.5,SASSBPBPSOPTKSGKMRSRSSBPVRPKAYOPBPRBPNYHRFALDBPPQBPRRSSNSSITKKGSRRSSGSBPTRHTTRVCV,2.348250453649845,0.002583846713734901,5.552632967631022,0.0046980599510844665,13.0,13.0,13.0,12.666666666666666,12.666666666666666,12.666666666666666,0.011380029928395598,0.011380029928395598,0.011380029928395598,-0.004966858651721734,-0.004966858651721734,-0.004966858651721734,-0.14609074412732911,inf,2.6321006331148484,0.002466346996860412,2.9,0.05,-0.28385017946500346,0.0024730232607004907,-0.1499999999999999,0.050100000000000006,-0.1208773020883782,0.0011,-0.054545454545454515,0.11162,0.8923345297666908,-1.2160838716202682,1614.0269799255534,7.137768591684358,0.35315076503563714,0.16140269799255536,0.01791587054281366,0.00439991399845767
-0.47,pCTD2,2.75,0.01,0.0,0.0,296,0.117,7.5,FAGSGSNIYSPGNAYSPSBSNYSPNBPSYSPTBPSYSPSBPSYSPTBPCYSPTBPSYSPTBPNYTPVOPSYSPTBPNYSABPQ,2.9211152948179966,0.005084442794934515,7.000122706095378,0.027998105983745383,3.3333333333333335,3.3333333333333335,3.3333333333333335,3.6666666666666665,3.6666666666666665,3.6666666666666665,-0.06779367286183097,-0.06779367286183097,-0.06779367286183097,-0.04484719174892693,-0.04484719174892693,-0.04484719174892693,0.062223743570180574,inf,2.3620186802438656,0.0005836053326587946,2.61,0.05,0.559096614574131,0.000609456891193756,0.14000000000000012,0.050100000000000006,0.19139833869822181,0.00174,0.05090909090909095,0.12811,2.993547246958075,2.7596102244293537,292.8044412064989,69.97660262210013,1.2025969886311274,0.02928044412064989,0.17564197234749757,0.01973722874435581
-0.47,pSic-6fold,3.18,0.11,0.0,0.0,293,0.191,7.5,GSMTPSOPPRSRGTRYLAQPSGNTSSSALMQGQKOPQKPSQNLVPVOPSTTKSFKNAPLLAPPNSNMGMTBPFNGLTBPQRBPFPKSSVKRT,2.699823227499057,0.005849265215399875,6.287643750508626,0.014903686477870713,5.333333333333333,5.333333333333333,5.333333333333333,5.333333333333333,5.333333333333333,5.333333333333333,0.032978612763466635,0.032978612763466635,0.032978612763466635,0.0437010569340959,0.0437010569340959,0.0437010569340959,-0.15099898506318973,inf,2.756611880984958,0.0042807777634525125,3.0,0.41,-0.05678865348590101,0.0043149916670125995,0.18000000000000016,0.4221,-0.02103421176152573,0.00617,0.05660377358490571,5.49913,-1.3154925193661164,-1.371604407786954,19.05534982226634,0.31469589036387646,0.00019932443479752228,0.23056973284942273,0.05606886641966618,0.0060276567686527015
-0.47,pSic-7fold,3.18,0.11,0.0,0.0,293,0.191,7.5,GSMOPSOPPRSRGTRYLAQPSGNTSSSALMQGQKOPQKPSQNLVPVOPSTTKSFKNAPLLAPPNSNMGMTBPFNGLTBPQRBPFPKSSVKRT,2.7162283917141252,0.006132920362935019,6.306585311889648,0.018265659265139428,10.666666666666666,10.666666666666666,10.666666666666666,11.0,11.0,11.0,0.03675768209743383,0.03675768209743383,0.03675768209743383,0.043681664543278965,0.043681664543278965,0.043681664543278965,-0.14584012839178456,inf,2.756611880984958,0.0042807777634525125,3.0,0.41,-0.04038348927083257,0.004318390475630616,0.18000000000000016,0.4221,-0.014867486620058426,0.01166,0.05660377358490571,5.49913,-1.2243527181712919,-1.2626589302876987,17.7755458390138,0.2726009753535279,0.00016891760161584865,0.215084104652067,0.04856888234318724,0.00510814103528569
-0.47,HPPAGE4,3.47,0.12,0.0,0.0,293,0.191,7.8,MSARVRSRBRGRGDGQEAPDVVAFVAPGESQQEEPPTDNQDIEPGQEREGOPPIEERKVEGCDQEMDLEKTRSERGDGSDVKEKTPPNPKHAKTKEAGDGQP,3.1384299353863923,0.006790844786971519,7.243390719095866,0.032532814037010256,17.0,17.0,17.0,14.333333333333334,14.333333333333334,14.333333333333334,0.09215370416226937,0.09215370416226937,0.09215370416226937,0.0956639463025342,0.0956639463025342,0.0956639463025342,-0.09555333274167375,inf,2.95389247057656,0.0020544108746381176,3.62,0.11,0.18453746480983213,0.002100526447558856,-0.1499999999999999,0.1244,0.05879929410854046,0.00217,-0.04322766570605185,0.68866,-2.2302497653988818,2.3602236703775703,7.634632482491122,7.231839218046599,0.021949274765357622,0.10993870774787215,0.11191531536138961,0.010409500529008435
-0.47,CPPAGE4,4.98,0.19,0.0,0.0,293,0.191,7.8,MSARVRBRBRGRGDGQEAPDVVAFVAPGESQQEEPPTDNQDIEPGQEREGOPPIEERKVEGCDQEMDLEKORBERGDGBDVKEKOPPNPKHAKOKEAGDGQP,3.4660025834358112,0.0018733051805931856,8.222968101501465,0.02256274131945253,4.666666666666667,4.666666666666667,4.666666666666667,3.3333333333333335,3.3333333333333335,3.3333333333333335,0.07978506571869341,0.07978506571869341,0.07978506571869341,0.1002725801935671,0.1002725801935671,0.1002725801935671,-0.3040155454948171,inf,2.95389247057656,0.0020544108746381176,3.62,0.11,0.5121101128592511,0.002057920146937755,1.3600000000000003,0.1461,0.14775237482702677,0.00054,0.2730923694779117,0.03986,-0.6234484464270214,-0.4589655686480933,63.49551737847753,33.680496032390984,9.887915694823922,2.292188177363039,0.7189172607155524,0.015710114259083866
-0.47,SN15p,0.96,0.06,0.0,0.0,293,0.166,7.5,DBBEEKFLRRIGRFG,0.8931928151253249,0.0011803775374162296,2.1451215744018555,0.005778832966006866,4.0,4.0,4.0,4.0,4.0,4.0,0.02777847158630847,0.02777847158630847,0.02777847158630847,0.014848406537375966,0.014848406537375966,0.014848406537375966,-0.06959081757778654,inf,0.9353405899415496,0.0009678012655744378,0.99,0.01,-0.04214777481622467,0.0009691945567052746,-0.030000000000000027,0.013600000000000001,-0.04718776741426303,0.00142,-0.03125000000000003,0.2148,0.40492582720748777,-0.5100085572564157,1.2397777641330594,0.7978397112116223,0.005505368775577985,0.004463199950879014,0.00014756843298570168,0.0002540124301511437
-0.47,rOPNp,3.9,0.06,0.0,0.0,293,0.43,7.5,MPVKQADSGSSEQKQLYNKYPDAVATWLNPDPSQKQNLLAPQNAVBBBDDDDFKQETLPSKSNESHDHMDDMDDEDDDDHVDBQDBIDBNDBDDVDDTDDSHQBDEBHHBDEBDELVTDFPTDLPATEVFTPVVPTVDTYDGRGDSVVYGLRSKSKKHHHHHH,4.552094056940305,0.004239614161925523,10.320918083190918,0.012872059237140899,14.333333333333334,14.333333333333334,14.333333333333334,11.666666666666666,11.666666666666666,11.666666666666666,0.4715113900504446,0.4715113900504446,0.4715113900504446,0.39739445849194066,0.39739445849194066,0.39739445849194066,0.16720360434366804,inf,4.27773036166333,0.016112592759436235,3.86,0.06,0.2743636952769748,0.016130567087678235,0.040000000000000036,0.0636,0.060271974138730484,0.00358,0.010256410256410265,2.52815,5.859092381924364,4.876517478526217,118.11851641579615,13.578957928849402,0.0003913854379907238,0.42522665909686613,0.05492634166387868,0.0025015566304664545
-0.47,pERa,3.91,0.03,0.0,0.0,278,0.2,7.4,MTMTLHTKASGMALLHQIQGNELEPLNRPQLKIPLERPLGEVYLDSSKPAVYNYPEGAAYEFNAAAAANAQVYGQTGLPYGPGSEAAAFGSNGLGGFPPLNSVSPSPLMLLHPPPQLBPFLQPHGQQVPYYLENEPSGYTVREAGPPAFYRPNSDNRRQGGRERLASTNDKGSMAMESAKETRY,3.5360691562878905,0.014521069972517954,8.099249045054117,0.05025919785967868,13.0,13.0,13.0,16.0,16.0,16.0,0.31369098795015954,0.31369098795015954,0.31369098795015954,0.22807519862317205,0.22807519862317205,0.22807519862317205,-0.09563448688289247,inf,3.498263065735475,0.005779593205594796,3.39,0.02,0.03780609055241557,0.005990454678741559,0.52,0.020900000000000002,0.010691558587079165,0.02544,0.1329923273657289,0.00784,-0.9272959797068931,-0.9196077037010009,155.36030653250018,532.2931395992427,243.34714122775586,0.13982427587925014,0.23251096630834528,0.014957478043848749
-0.42,10pAsh1,2.75,0.01,0.0,0.0,298,0.19,7.5,SASSBPBPSOPTKSGKMRSRSSBPVRPKAYOPBPRBPNYHRFALDBPPQBPRRSSNSSITKKGSRRSSGSBPTRHTTRVCV,2.3365579268018553,0.0021291571323343987,5.519426027933757,0.003253098400515359,8.333333333333334,8.333333333333334,8.333333333333334,8.333333333333334,8.333333333333334,8.333333333333334,0.03741809755373037,0.03741809755373037,0.03741809755373037,0.020572655622944132,0.020572655622944132,0.020572655622944132,-0.15034257207205262,inf,2.6321006331148484,0.002466346996860412,2.9,0.05,-0.2955427063129932,0.0024708803069545824,-0.1499999999999999,0.050100000000000006,-0.12648635966732263,0.00091,-0.054545454545454515,0.11162,0.970284708753289,-1.3189165939009164,1709.3434789038008,8.439280863785486,0.4154012114908156,0.1709343478903801,0.02118267936091021,0.005175493829753632
-0.42,pCTD2,2.75,0.01,0.0,0.0,296,0.117,7.5,FAGSGSNIYSPGNAYSPSBSNYSPNBPSYSPTBPSYSPSBPSYSPTBPCYSPTBPSYSPTBPNYTPVOPSYSPTBPNYSABPQ,2.927420948868896,0.003057023566019652,7.029144287109375,0.022442096900273725,5.0,5.0,5.0,3.6666666666666665,3.6666666666666665,3.6666666666666665,-0.0818879327989781,-0.0818879327989781,-0.0818879327989781,-0.040543740756181106,-0.040543740756181106,-0.040543740756181106,0.06451670867959856,inf,2.3620186802438656,0.0005836053326587946,2.61,0.05,0.5654022686250304,0.000592950725741994,0.14000000000000012,0.050100000000000006,0.19314006372861814,0.00104,0.05090909090909095,0.12811,3.038587633035928,2.7938226803835673,314.78193097539423,72.0981550477179,1.2326003837840012,0.03147819309753942,0.18096709015132242,0.020229649629189078
-0.42,pSic-6fold,3.18,0.11,0.0,0.0,293,0.191,7.5,GSMTPSOPPRSRGTRYLAQPSGNTSSSALMQGQKOPQKPSQNLVPVOPSTTKSFKNAPLLAPPNSNMGMTBPFNGLTBPQRBPFPKSSVKRT,2.681721720834245,0.0036353336197235387,6.224202632904053,0.012059292902567758,13.666666666666666,13.666666666666666,13.666666666666666,16.0,16.0,16.0,0.0651091513655475,0.0651091513655475,0.0651091513655475,0.05621286499697894,0.05621286499697894,0.05621286499697894,-0.15669128275652672,inf,2.756611880984958,0.0042807777634525125,3.0,0.41,-0.07489016015071259,0.0042939934139792045,0.18000000000000016,0.4221,-0.027926148924734568,0.00356,0.05660377358490571,5.49913,-1.4160564452817364,-1.493361964336977,20.51911103209802,0.3646493435152505,0.00023628326781871108,0.24828124348838604,0.06496899374165599,0.007145307799485791
-0.42,pSic-7fold,3.18,0.11,0.0,0.0,293,0.191,7.5,GSMOPSOPPRSRGTRYLAQPSGNTSSSALMQGQKOPQKPSQNLVPVOPSTTKSFKNAPLLAPPNSNMGMTBPFNGLTBPQRBPFPKSSVKRT,2.717104808373454,0.0026673369513058663,6.330973784128825,0.006206428794609226,7.666666666666667,7.666666666666667,7.666666666666667,6.333333333333333,6.333333333333333,6.333333333333333,0.03994479915423857,0.03994479915423857,0.03994479915423857,0.04297884472389437,0.04297884472389437,0.04297884472389437,-0.14556452566872521,inf,2.756611880984958,0.0042807777634525125,3.0,0.41,-0.03950707261150388,0.004287892449864314,0.18000000000000016,0.4221,-0.014540135695079823,0.01182,0.05660377358490571,5.49913,-1.2194837367305769,-1.2568757306130767,17.708426316609668,0.2704371382473027,0.00016737380060249086,0.21427195843097696,0.048183354926472105,0.005061455827638813
-0.42,HPPAGE4,3.47,0.12,0.0,0.0,293,0.191,7.8,MSARVRSRBRGRGDGQEAPDVVAFVAPGESQQEEPPTDNQDIEPGQEREGOPPIEERKVEGCDQEMDLEKTRSERGDGSDVKEKTPPNPKHAKTKEAGDGQP,3.1457122319292847,0.00437036134325888,7.260496934254964,0.030352300623012165,6.666666666666667,6.666666666666667,6.666666666666667,6.0,6.0,6.0,0.0842848088782755,0.0842848088782755,0.0842848088782755,0.09311636436177266,0.09311636436177266,0.09311636436177266,-0.09345468820481713,inf,2.95389247057656,0.0020544108746381176,3.62,0.11,0.1918197613527246,0.002073510932908769,-0.1499999999999999,0.1244,0.060978165582260005,0.00139,-0.04322766570605185,0.68866,-2.2787984090181648,2.4106282304696154,7.30295531390876,7.550115102410125,0.0228967756322979,0.10516255652028614,0.11684074925123354,0.010858855274488112
-0.42,CPPAGE4,4.98,0.19,0.0,0.0,293,0.191,7.8,MSARVRBRBRGRGDGQEAPDVVAFVAPGESQQEEPPTDNQDIEPGQEREGOPPIEERKVEGCDQEMDLEKORBERGDGBDVKEKOPPNPKHAKOKEAGDGQP,3.464400942325525,0.009747958849019519,8.209226926167807,0.044127841389050224,7.333333333333333,7.333333333333333,7.333333333333333,13.333333333333334,13.333333333333334,13.333333333333334,0.08412107195635621,0.08412107195635621,0.08412107195635621,0.10633695569867309,0.10633695569867309,0.10633695569867309,-0.3043371601755974,inf,2.95389247057656,0.0020544108746381176,3.62,0.11,0.510508471748965,0.0021494335763602955,1.3600000000000003,0.1461,0.14735836880539566,0.00281,0.2730923694779117,0.03986,-0.6246261237139964,-0.4604083259920072,63.62993084830354,33.80785930755797,9.950178689334063,2.297040503623758,0.7216358565702796,0.01580903892511627
-0.42,SN15p,0.96,0.06,0.0,0.0,293,0.166,7.5,DBBEEKFLRRIGRFG,0.8907380501502663,0.0003080534539051236,2.14769180615743,0.0015326115361742622,3.3333333333333335,3.3333333333333335,3.3333333333333335,4.666666666666667,4.666666666666667,4.666666666666667,0.011326240695961666,0.011326240695961666,0.011326240695961666,0.010595320442706066,0.010595320442706066,0.010595320442706066,-0.0721478644268059,inf,0.9353405899415496,0.0009678012655744378,0.99,0.01,-0.04460253979128326,0.0009678961625049007,-0.030000000000000027,0.013600000000000001,-0.05007368864927109,0.00058,-0.03125000000000003,0.2148,0.4867513263761073,-0.6023580367766735,1.3325604713852834,1.152866394658359,0.007679640806672535,0.0047972176969870205,0.00021323416835601012,0.00035433125436469635
-0.42,rOPNp,3.9,0.06,0.0,0.0,293,0.43,7.5,MPVKQADSGSSEQKQLYNKYPDAVATWLNPDPSQKQNLLAPQNAVBBBDDDDFKQETLPSKSNESHDHMDDMDDEDDDDHVDBQDBIDBNDBDDVDDTDDSHQBDEBHHBDEBDELVTDFPTDLPATEVFTPVVPTVDTYDGRGDSVVYGLRSKSKKHHHHHH,4.553686185489745,0.006501190021070388,10.399415969848633,0.030446852669607494,12.0,12.0,12.0,12.0,12.0,12.0,0.47243032729509116,0.47243032729509116,0.47243032729509116,0.39228984027125047,0.39228984027125047,0.39228984027125047,0.16761184243326804,inf,4.27773036166333,0.016112592759436235,3.86,0.06,0.2759558238264148,0.0161548582311263,0.040000000000000036,0.0636,0.06060053604610349,0.00371,0.010256410256410265,2.52815,5.898895595660364,4.908552264495086,118.69600808337049,13.76407944642273,0.00039654450115299294,0.42730562910013375,0.05567515079760209,0.002534531001528455
-0.42,pERa,3.91,0.03,0.0,0.0,278,0.2,7.4,MTMTLHTKASGMALLHQIQGNELEPLNRPQLKIPLERPLGEVYLDSSKPAVYNYPEGAAYEFNAAAAANAQVYGQTGLPYGPGSEAAAFGSNGLGGFPPLNSVSPSPLMLLHPPPQLBPFLQPHGQQVPYYLENEPSGYTVREAGPPAFYRPNSDNRRQGGRERLASTNDKGSMAMESAKETRY,3.52585131174389,0.008626764883477541,8.059431711832682,0.043261044455646165,13.333333333333334,13.333333333333334,13.333333333333334,13.0,13.0,13.0,0.31197218558838385,0.31197218558838385,0.31197218558838385,0.2192314638744194,0.2192314638744194,0.2192314638744194,-0.09824774635706139,inf,3.498263065735475,0.005779593205594796,3.39,0.02,0.02758824600841514,0.005854014277949598,0.52,0.020900000000000002,0.007824563082545293,0.04509,0.1329923273657289,0.00784,-0.9469456807530479,-0.9411653045139383,163.96690520987778,555.0910818641264,254.89003956116298,0.14757021468889,0.2424693354690691,0.015666969215650618
-0.37,10pAsh1,2.75,0.01,0.0,0.0,298,0.19,7.5,SASSBPBPSOPTKSGKMRSRSSBPVRPKAYOPBPRBPNYHRFALDBPPQBPRRSSNSSITKKGSRRSSGSBPTRHTTRVCV,2.3156474409857943,0.0015742640589883243,5.449490547180176,0.012914541688953379,7.666666666666667,7.666666666666667,7.666666666666667,8.0,8.0,8.0,0.0169242165897092,0.0169242165897092,0.0169242165897092,0.002842823540811066,0.002842823540811066,0.002842823540811066,-0.15794638509607478,inf,2.6321006331148484,0.002466346996860412,2.9,0.05,-0.3164531921290541,0.0024688253041878342,-0.1499999999999999,0.050100000000000006,-0.13665862364364792,0.00068,-0.054545454545454515,0.11162,1.1096879475270285,-1.5054081001335466,1886.62145522189,11.038468041940797,0.5411798165632059,0.18866214552218902,0.027706665169951825,0.006742572539348506
-0.37,pCTD2,2.75,0.01,0.0,0.0,296,0.117,7.5,FAGSGSNIYSPGNAYSPSBSNYSPNBPSYSPTBPSYSPSBPSYSPTBPCYSPTBPSYSPTBPNYTPVOPSYSPTBPNYSABPQ,2.9122646323619747,0.0025996454208298404,6.996934731801351,0.021577105458741218,4.333333333333333,4.333333333333333,4.333333333333333,4.666666666666667,4.666666666666667,4.666666666666667,-0.06760456379965087,-0.06760456379965087,-0.06760456379965087,-0.03793989887384817,-0.03793989887384817,-0.03793989887384817,0.05900532085889991,inf,2.3620186802438656,0.0005836053326587946,2.61,0.05,0.5502459521181091,0.0005903634889728361,0.14000000000000012,0.050100000000000006,0.18894091766373422,0.00089,0.05090909090909095,0.12811,2.9303282294150614,2.7113394541090616,263.2981091556682,67.052219405219,1.1608935783231185,0.026329810915566822,0.16830174122929378,0.01905278519722385
-0.37,pSic-6fold,3.18,0.11,0.0,0.0,293,0.191,7.5,GSMTPSOPPRSRGTRYLAQPSGNTSSSALMQGQKOPQKPSQNLVPVOPSTTKSFKNAPLLAPPNSNMGMTBPFNGLTBPQRBPFPKSSVKRT,2.683976637162812,0.002289271487579514,6.2502797444661455,0.02222543429011481,4.666666666666667,4.666666666666667,4.666666666666667,3.0,3.0,3.0,0.0349290681053053,0.0349290681053053,0.0349290681053053,0.033246421202204196,0.033246421202204196,0.033246421202204196,-0.15598218957144275,inf,2.756611880984958,0.0042807777634525125,3.0,0.41,-0.07263524382214559,0.0042860185273963574,0.18000000000000016,0.4221,-0.02706254697467379,0.00358,0.05660377358490571,5.49913,-1.403529132345253,-1.4781049965525699,20.333816238042367,0.35822605377168176,0.0002314799432670483,0.24603917648031262,0.06382456642107504,0.007000053195978314
-0.37,pSic-7fold,3.18,0.11,0.0,0.0,293,0.191,7.5,GSMOPSOPPRSRGTRYLAQPSGNTSSSALMQGQKOPQKPSQNLVPVOPSTTKSFKNAPLLAPPNSNMGMTBPFNGLTBPQRBPFPKSSVKRT,2.7052659615873202,0.001112512683631709,6.275068759918213,0.015844842534170143,12.333333333333334,12.333333333333334,12.333333333333334,9.333333333333334,9.333333333333334,9.333333333333334,0.039461549059932495,0.039461549059932495,0.039461549059932495,0.0490470347180715,0.0490470347180715,0.0490470347180715,-0.14928743346310688,inf,2.756611880984958,0.0042807777634525125,3.0,0.41,-0.05134591939763755,0.004282015447923754,0.18000000000000016,0.4221,-0.018979989445292923,0.00697,0.05660377358490571,5.49913,-1.2852551077646528,-1.3353131468668413,18.625818779141476,0.30039519588202135,0.0001889161328332501,0.22537240722761184,0.05352093442193828,0.005712905233805222
-0.37,HPPAGE4,3.47,0.12,0.0,0.0,293,0.191,7.8,MSARVRSRBRGRGDGQEAPDVVAFVAPGESQQEEPPTDNQDIEPGQEREGOPPIEERKVEGCDQEMDLEKTRSERGDGSDVKEKTPPNPKHAKTKEAGDGQP,3.1391754401096628,0.009363086654120693,7.276155948638916,0.029492612261483104,6.666666666666667,6.666666666666667,6.666666666666667,7.666666666666667,7.666666666666667,7.666666666666667,0.09147605882210057,0.09147605882210057,0.09147605882210057,0.09576785751958845,0.09576785751958845,0.09576785751958845,-0.09533848988194162,inf,2.95389247057656,0.0020544108746381176,3.62,0.11,0.18528296953310264,0.0021420782663306905,-0.1499999999999999,0.1244,0.05902281445175617,0.00299,-0.04322766570605185,0.68866,-2.2352197968873515,2.3653944409839602,7.600339543516351,7.264106919576371,0.022045552917375092,0.10944488942663545,0.11241466965893537,0.010455160692502291
-0.37,CPPAGE4,4.98,0.19,0.0,0.0,293,0.191,7.8,MSARVRBRBRGRGDGQEAPDVVAFVAPGESQQEEPPTDNQDIEPGQEREGOPPIEERKVEGCDQEMDLEKORBERGDGBDVKEKOPPNPKHAKOKEAGDGQP,3.459192412358508,0.0039003167837502236,8.193212827046713,0.01982073833136761,9.0,9.0,9.0,12.333333333333334,12.333333333333334,12.333333333333334,0.0797820261917554,0.0797820261917554,0.0797820261917554,0.09526929042461423,0.09526929042461423,0.09526929042461423,-0.30538304972720726,inf,2.95389247057656,0.0020544108746381176,3.62,0.11,0.5052999417819479,0.0020696233456517213,1.3600000000000003,0.1461,0.14607454039754614,0.00113,0.2730923694779117,0.03986,-0.6284559251603324,-0.4651094035442797,64.06802544675722,34.2237059048818,10.154412058039163,2.3128557186279357,0.7305121895179422,0.01613352890428896
-0.37,SN15p,0.96,0.06,0.0,0.0,293,0.166,7.5,DBBEEKFLRRIGRFG,0.8919355182371055,0.0016239042003604297,2.1421398321787515,0.009665898955784695,6.0,6.0,6.0,4.0,4.0,4.0,0.025277213328315534,0.025277213328315534,0.025277213328315534,0.009684223880503301,0.009684223880503301,0.009684223880503301,-0.07090050183634843,inf,0.9353405899415496,0.0009678012655744378,0.99,0.01,-0.043405071704444076,0.000970438330426386,-0.030000000000000027,0.013600000000000001,-0.048663912151669236,0.00189,-0.03125000000000003,0.2148,0.44683572348146794,-0.5572451888534142,1.2868815771253874,0.9715395080086856,0.006572402382582138,0.004632773677651395,0.0001796959474012865,0.00030324433642605253
-0.37,rOPNp,3.9,0.06,0.0,0.0,293,0.43,7.5,MPVKQADSGSSEQKQLYNKYPDAVATWLNPDPSQKQNLLAPQNAVBBBDDDDFKQETLPSKSNESHDHMDDMDDEDDDDHVDBQDBIDBNDBDDVDDTDDSHQBDEBHHBDEBDELVTDFPTDLPATEVFTPVVPTVDTYDGRGDSVVYGLRSKSKKHHHHHH,4.541231640647261,0.007408515588018461,10.339216868082682,0.04453954348855679,10.333333333333334,10.333333333333334,10.333333333333334,11.333333333333334,11.333333333333334,11.333333333333334,0.4765764079555754,0.4765764079555754,0.4765764079555754,0.3937499966160518,0.3937499966160518,0.3937499966160518,0.16441836939673368,inf,4.27773036166333,0.016112592759436235,3.86,0.06,0.26350127898393083,0.01616747886265415,0.040000000000000036,0.0636,0.05802418811350791,0.0041,0.010256410256410265,2.52815,5.587531974598265,4.657358341067016,114.21611582421625,12.349398191194194,0.0003569968640703374,0.4111780169671785,0.04995282170745287,0.0022817606014050276
-0.37,pERa,3.91,0.03,0.0,0.0,278,0.2,7.4,MTMTLHTKASGMALLHQIQGNELEPLNRPQLKIPLERPLGEVYLDSSKPAVYNYPEGAAYEFNAAAAANAQVYGQTGLPYGPGSEAAAFGSNGLGGFPPLNSVSPSPLMLLHPPPQLBPFLQPHGQQVPYYLENEPSGYTVREAGPPAFYRPNSDNRRQGGRERLASTNDKGSMAMESAKETRY,3.528249722007382,0.0031711236626033295,8.057785987854004,0.019521767553508543,24.666666666666668,24.666666666666668,24.666666666666668,16.333333333333332,16.333333333333332,16.333333333333332,0.29916328247920515,0.29916328247920515,0.29916328247920515,0.2099586660290046,0.2099586660290046,0.2099586660290046,-0.09763434219760053,inf,3.498263065735475,0.005779593205594796,3.39,0.02,0.02998665627190711,0.005789649230878319,0.52,0.020900000000000002,0.00849901753973535,0.03729,0.1329923273657289,0.00784,-0.9423333533232555,-0.9360939258069899,161.92586083049022,549.6968408039791,252.15053934934053,0.1457332747474412,0.24011307703158613,0.015498584191430825
-0.32,10pAsh1,2.75,0.01,0.0,0.0,298,0.19,7.5,SASSBPBPSOPTKSGKMRSRSSBPVRPKAYOPBPRBPNYHRFALDBPPQBPRRSSNSSITKKGSRRSSGSBPTRHTTRVCV,2.2977955634145038,0.0015720353218814111,5.403701146443685,0.006559629428218594,6.0,6.0,6.0,4.666666666666667,4.666666666666667,4.666666666666667,0.0093791761319941,0.0093791761319941,0.0093791761319941,0.011779014971925834,0.011779014971925834,0.011779014971925834,-0.16443797694018045,inf,2.6321006331148484,0.002466346996860412,2.9,0.05,-0.3343050697003447,0.0024688182919136545,-0.1499999999999999,0.050100000000000006,-0.1454894747919046,0.00069,-0.054545454545454515,0.11162,1.2287004646689659,-1.667307037851586,2044.8885246760608,13.533156727363213,0.6638412890969799,0.2044888524676061,0.033968358717248945,0.008270814818586726
-0.32,pCTD2,2.75,0.01,0.0,0.0,296,0.117,7.5,FAGSGSNIYSPGNAYSPSBSNYSPNBPSYSPTBPSYSPSBPSYSPTBPCYSPTBPSYSPTBPNYTPVOPSYSPTBPNYSABPQ,2.8985194527603046,0.0032726752496447134,6.928830782572429,0.011628494244707573,5.333333333333333,5.333333333333333,5.333333333333333,7.0,7.0,7.0,-0.07503286522709003,-0.07503286522709003,-0.07503286522709003,-0.044604843567639496,-0.044604843567639496,-0.044604843567639496,0.05400707373101987,inf,2.3620186802438656,0.0005836053326587946,2.61,0.05,0.536500772516439,0.0005943157359484316,0.14000000000000012,0.050100000000000006,0.1850947634681289,0.00113,0.05090909090909095,0.12811,2.832148375117418,2.6357899966953857,220.58027848220362,62.63435707671794,1.097100043212522,0.022058027848220363,0.15721286260613282,0.018005794720121347
-0.32,pSic-6fold,3.18,0.11,0.0,0.0,293,0.191,7.5,GSMTPSOPPRSRGTRYLAQPSGNTSSSALMQGQKOPQKPSQNLVPVOPSTTKSFKNAPLLAPPNSNMGMTBPFNGLTBPQRBPFPKSSVKRT,2.6783538614589575,0.0037849983802075806,6.205538431803386,0.009710593949246957,8.333333333333334,8.333333333333334,8.333333333333334,12.0,12.0,12.0,0.06377348596001237,0.06377348596001237,0.06377348596001237,0.0508781341416184,0.0508781341416184,0.0508781341416184,-0.15775035803177442,inf,2.756611880984958,0.0042807777634525125,3.0,0.41,-0.07825801952600031,0.004295103976190686,0.18000000000000016,0.4221,-0.029218700580277868,0.00333,0.05660377358490571,5.49913,-1.4347667751444457,-1.5161970435849084,20.79742548042471,0.37434921628077644,0.000243564555380978,0.251648848313139,0.06669720464949204,0.007365497071833601
-0.32,pSic-7fold,3.18,0.11,0.0,0.0,293,0.191,7.5,GSMOPSOPPRSRGTRYLAQPSGNTSSSALMQGQKOPQKPSQNLVPVOPSTTKSFKNAPLLAPPNSNMGMTBPFNGLTBPQRBPFPKSSVKRT,2.687389179321066,0.0038168107931259264,6.206807772318522,0.01306482036043645,5.666666666666667,5.666666666666667,5.666666666666667,8.0,8.0,8.0,0.038005304443993394,0.038005304443993394,0.038005304443993394,0.044703139316481795,0.044703139316481795,0.044703139316481795,-0.15490906310658306,inf,2.756611880984958,0.0042807777634525125,3.0,0.41,-0.06922270166389177,0.004295345808083035,0.18000000000000016,0.4221,-0.025758346500963432,0.0041,0.05660377358490571,5.49913,-1.3845705647993984,-1.4550641215170201,20.05499344214653,0.3486137358729827,0.0002243195171249776,0.242665420649973,0.06211195502464928,0.0067835188250391296
-0.32,HPPAGE4,3.47,0.12,0.0,0.0,293,0.191,7.8,MSARVRSRBRGRGDGQEAPDVVAFVAPGESQQEEPPTDNQDIEPGQEREGOPPIEERKVEGCDQEMDLEKTRSERGDGSDVKEKTPPNPKHAKTKEAGDGQP,3.141593840854568,0.003935021055807676,7.268598556518555,0.0227115233922189,5.333333333333333,5.333333333333333,5.333333333333333,7.0,7.0,7.0,0.09749139330964657,0.09749139330964657,0.09749139330964657,0.0938719152884475,0.0938719152884475,0.0938719152884475,-0.09464154442231473,inf,2.95389247057656,0.0020544108746381176,3.62,0.11,0.18770137027800793,0.002069895265347767,-0.1499999999999999,0.1244,0.05974717923019288,0.00126,-0.04322766570605185,0.68866,-2.2513424685200536,2.382151412858463,7.48962537254548,7.3692770628692434,0.02235901034179526,0.1078506053646549,0.11404221548764416,0.010603818689643647
-0.32,CPPAGE4,4.98,0.19,0.0,0.0,293,0.191,7.8,MSARVRBRBRGRGDGQEAPDVVAFVAPGESQQEEPPTDNQDIEPGQEREGOPPIEERKVEGCDQEMDLEKORBERGDGBDVKEKOPPNPKHAKOKEAGDGQP,3.4502477161470737,0.007047298835072556,8.148908933003744,0.03015293573802301,9.333333333333334,9.333333333333334,9.333333333333334,13.333333333333334,13.333333333333334,13.333333333333334,0.08057207032409536,0.08057207032409536,0.08057207032409536,0.10663424368298335,0.10663424368298335,0.10663424368298335,-0.30717917346444307,inf,2.95389247057656,0.0020544108746381176,3.62,0.11,0.4963552455705136,0.0021040752955089324,1.3600000000000003,0.1461,0.14386075621399105,0.00204,0.2730923694779117,0.03986,-0.6350329076687401,-0.4732157603340623,64.8238795000899,34.94377716844052,10.511457604623931,2.3401420499532453,0.7458822618535684,0.016700809866795552
-0.32,SN15p,0.96,0.06,0.0,0.0,293,0.166,7.5,DBBEEKFLRRIGRFG,0.8875810186631807,0.0009830822240234677,2.1236981550852456,0.005511606299648101,11.333333333333334,11.333333333333334,11.333333333333334,4.333333333333333,4.333333333333333,4.333333333333333,0.013048888736698966,0.013048888736698966,0.013048888736698966,0.005617787212443,0.005617787212443,0.005617787212443,-0.07543643889252004,inf,0.9353405899415496,0.0009678012655744378,0.99,0.01,-0.04775957127836883,0.0009687677162336287,-0.030000000000000027,0.013600000000000001,-0.05380868931863969,0.00118,-0.03125000000000003,0.2148,0.5919857092789595,-0.7218780581964686,1.4568080160729366,1.7052463883621436,0.011029585005992912,0.005244508857862572,0.0003154023719914621,0.0005088944637749072
-0.32,rOPNp,3.9,0.06,0.0,0.0,293,0.43,7.5,MPVKQADSGSSEQKQLYNKYPDAVATWLNPDPSQKQNLLAPQNAVBBBDDDDFKQETLPSKSNESHDHMDDMDDEDDDDHVDBQDBIDBNDBDDVDDTDDSHQBDEBHHBDEBDELVTDFPTDLPATEVFTPVVPTVDTYDGRGDSVVYGLRSKSKKHHHHHH,4.552304161175641,0.0034149149778601867,10.356465339660645,0.030658301180526717,14.666666666666666,14.666666666666666,14.666666666666666,17.666666666666668,17.666666666666668,17.666666666666668,0.4874981238938158,0.4874981238938158,0.4874981238938158,0.40778532113287547,0.40778532113287547,0.40778532113287547,0.16725747722452342,inf,4.27773036166333,0.016112592759436235,3.86,0.06,0.27457379951231076,0.01612425440374225,0.040000000000000036,0.0636,0.06031534576578063,0.00353,0.010256410256410265,2.52815,5.864344987807763,4.880746212163606,118.19464407973805,13.603315587210194,0.0003920645219391566,0.42550071868705697,0.055024867417641746,0.0025058970243313013
-0.32,pERa,3.91,0.03,0.0,0.0,278,0.2,7.4,MTMTLHTKASGMALLHQIQGNELEPLNRPQLKIPLERPLGEVYLDSSKPAVYNYPEGAAYEFNAAAAANAQVYGQTGLPYGPGSEAAAFGSNGLGGFPPLNSVSPSPLMLLHPPPQLBPFLQPHGQQVPYYLENEPSGYTVREAGPPAFYRPNSDNRRQGGRERLASTNDKGSMAMESAKETRY,3.527772083866233,0.005815380654805992,8.049599329630533,0.03235958712347227,18.333333333333332,18.333333333333332,18.333333333333332,17.666666666666668,17.666666666666668,17.666666666666668,0.3162307272343458,0.3162307272343458,0.3162307272343458,0.22609023618337576,0.22609023618337576,0.22609023618337576,-0.09775650028996596,inf,3.498263065735475,0.005779593205594796,3.39,0.02,0.029509018130758236,0.0058134118577550875,0.52,0.020900000000000002,0.008364774545870908,0.03885,0.1329923273657289,0.00784,-0.9432518882100803,-0.9371033298570092,162.33131096884665,550.768991769998,252.69462791978762,0.14609817987196197,0.24058140329505287,0.015532026921866497
-0.27,10pAsh1,2.75,0.01,0.0,0.0,298,0.19,7.5,SASSBPBPSOPTKSGKMRSRSSBPVRPKAYOPBPRBPNYHRFALDBPPQBPRRSSNSSITKKGSRRSSGSBPTRHTTRVCV,2.3016908695643674,0.0012954032914669071,5.419062614440918,0.01521262369746086,8.666666666666666,8.666666666666666,8.666666666666666,7.666666666666667,7.666666666666667,7.666666666666667,0.03656523214931173,0.03656523214931173,0.03656523214931173,0.014095592205063132,0.014095592205063132,0.014095592205063132,-0.16302150197659368,inf,2.6321006331148484,0.002466346996860412,2.9,0.05,-0.330409763550481,0.002468025066547955,-0.1499999999999999,0.050100000000000006,-0.14355088596802595,0.00057,-0.054545454545454515,0.11162,1.2027317570032081,-1.631766242747144,2009.8107643195303,12.967152634587311,0.6358416653167538,0.20098107643195304,0.032547682784340504,0.007921966822718068
-0.27,pCTD2,2.75,0.01,0.0,0.0,296,0.117,7.5,FAGSGSNIYSPGNAYSPSBSNYSPNBPSYSPTBPSYSPSBPSYSPTBPCYSPTBPSYSPTBPNYTPVOPSYSPTBPNYSABPQ,2.901278416256981,0.004294863402753551,6.9509561856587725,0.020193190507200195,2.6666666666666665,2.6666666666666665,2.6666666666666665,2.6666666666666665,2.6666666666666665,2.6666666666666665,-0.08473179516968876,-0.08473179516968876,-0.08473179516968876,-0.059354068661564174,-0.059354068661564174,-0.059354068661564174,0.05501033318435669,inf,2.3620186802438656,0.0005836053326587946,2.61,0.05,0.5392597360131153,0.0006020511843071064,0.14000000000000012,0.050100000000000006,0.18586969557676203,0.00148,0.05090909090909095,0.12811,2.8518552572365343,2.6510118774006797,228.85159225220386,63.50904450630172,1.1098082996743253,0.022885159225220386,0.1594083368012624,0.0182143648122634
-0.27,pSic-6fold,3.18,0.11,0.0,0.0,293,0.191,7.5,GSMTPSOPPRSRGTRYLAQPSGNTSSSALMQGQKOPQKPSQNLVPVOPSTTKSFKNAPLLAPPNSNMGMTBPFNGLTBPQRBPFPKSSVKRT,2.6597887496900476,0.007114833813514875,6.170810063680013,0.017688630160479307,9.333333333333334,9.333333333333334,9.333333333333334,7.0,7.0,7.0,0.06521549941980419,0.06521549941980419,0.06521549941980419,0.058814427847103196,0.058814427847103196,0.058814427847103196,-0.16358844349369575,inf,2.756611880984958,0.0042807777634525125,3.0,0.41,-0.09682313129491016,0.004331398623646447,0.18000000000000016,0.4221,-0.036402564416513614,0.00334,0.05660377358490571,5.49913,-1.5379062849717227,-1.6431119713584068,22.365268177606946,0.4301045624188888,0.0002860468152048573,0.27061974494904406,0.07663104601991916,0.008650178908434258
-0.27,pSic-7fold,3.18,0.11,0.0,0.0,293,0.191,7.5,GSMOPSOPPRSRGTRYLAQPSGNTSSSALMQGQKOPQKPSQNLVPVOPSTTKSFKNAPLLAPPNSNMGMTBPFNGLTBPQRBPFPKSSVKRT,2.6718412524250787,0.010035629962076777,6.156118869781494,0.028253390018177393,6.333333333333333,6.333333333333333,6.333333333333333,7.0,7.0,7.0,0.04196611033812403,0.04196611033812403,0.04196611033812403,0.052177693863337204,0.052177693863337204,0.052177693863337204,-0.15979834829400044,inf,2.756611880984958,0.0042807777634525125,3.0,0.41,-0.08477062855987905,0.004381491632188246,0.18000000000000016,0.4221,-0.03172741961482089,0.00461,0.05660377358490571,5.49913,-1.470947936443772,-1.5605177465285018,21.340934936934932,0.3934675386506145,0.0002580121875514998,0.2582253127369127,0.07010348574799352,0.007802399692087426
-0.27,HPPAGE4,3.47,0.12,0.0,0.0,293,0.191,7.8,MSARVRSRBRGRGDGQEAPDVVAFVAPGESQQEEPPTDNQDIEPGQEREGOPPIEERKVEGCDQEMDLEKTRSERGDGSDVKEKTPPNPKHAKTKEAGDGQP,3.1444469954945067,0.008256777123054464,7.255250295003255,0.03378405240749684,5.333333333333333,5.333333333333333,5.333333333333333,8.0,8.0,8.0,0.07882344721253326,0.07882344721253326,0.07882344721253326,0.08880559385730434,0.08880559385730434,0.08880559385730434,-0.09381930965576181,inf,2.95389247057656,0.0020544108746381176,3.62,0.11,0.19055452491794656,0.002122585243097913,-0.1499999999999999,0.1244,0.06060032978484959,0.00263,-0.04322766570605185,0.68866,-2.2703634994529778,2.4018876290228546,7.360052690455131,7.49432545944574,0.022731035628850964,0.10598475874255388,0.11597738444208822,0.01078025264765865
-0.27,CPPAGE4,4.98,0.19,0.0,0.0,293,0.191,7.8,MSARVRBRBRGRGDGQEAPDVVAFVAPGESQQEEPPTDNQDIEPGQEREGOPPIEERKVEGCDQEMDLEKORBERGDGBDVKEKOPPNPKHAKOKEAGDGQP,3.4500848395645582,0.0032662860135750705,8.18933391571045,0.013133666977863953,5.0,5.0,5.0,4.333333333333333,4.333333333333333,4.333333333333333,0.0675727958234715,0.0675727958234715,0.0675727958234715,0.08862180143222949,0.08862180143222949,0.08862180143222949,-0.30721187960551044,inf,2.95389247057656,0.0020544108746381176,3.62,0.11,0.4961923689879981,0.002065079498960594,1.3600000000000003,0.1461,0.1438203383574253,0.00095,0.2730923694779117,0.03986,-0.6351526698617662,-0.47336376101472216,64.83768415873143,34.95695865229563,10.518033658456886,2.340640398130205,0.7461636233945673,0.016711258030016007
-0.27,SN15p,0.96,0.06,0.0,0.0,293,0.166,7.5,DBBEEKFLRRIGRFG,0.8871895694092707,0.0008007912698875563,2.1251956621805825,0.005090127947176815,4.333333333333333,4.333333333333333,4.333333333333333,2.6666666666666665,2.6666666666666665,2.6666666666666665,-0.007448329757683299,-0.007448329757683299,-0.007448329757683299,-0.005393537100202568,-0.005393537100202568,-0.005393537100202568,-0.07584419853200962,inf,0.9353405899415496,0.0009678012655744378,0.99,0.01,-0.04815102053227882,0.000968442532232366,-0.030000000000000027,0.013600000000000001,-0.05427365491271483,0.00099,-0.03125000000000003,0.2148,0.6050340177426259,-0.7367569572068731,1.4725996674464994,1.7812475473789269,0.01148894050547598,0.005301358802807398,0.00032945954636320635,0.0005300886855397765
-0.27,rOPNp,3.9,0.06,0.0,0.0,293,0.43,7.5,MPVKQADSGSSEQKQLYNKYPDAVATWLNPDPSQKQNLLAPQNAVBBBDDDDFKQETLPSKSNESHDHMDDMDDEDDDDHVDBQDBIDBNDBDDVDDTDDSHQBDEBHHBDEBDELVTDFPTDLPATEVFTPVVPTVDTYDGRGDSVVYGLRSKSKKHHHHHH,4.524930578553557,0.005924335359347695,10.318727811177572,0.0248986295547248,11.666666666666666,11.666666666666666,11.666666666666666,11.666666666666666,11.666666666666666,11.666666666666666,0.4536108898754338,0.4536108898754338,0.4536108898754338,0.3762976656693741,0.3762976656693741,0.3762976656693741,0.16023860988552757,inf,4.27773036166333,0.016112592759436235,3.86,0.06,0.24720021689022698,0.016147690508886252,0.040000000000000036,0.0636,0.05463072031687328,0.00446,0.010256410256410265,2.52815,5.180005422255669,4.32649523089514,108.48284111424557,10.613684654324663,0.0003080757762649597,0.39053822801128407,0.04293192987935709,0.0019690793933421088
-0.27,pERa,3.91,0.03,0.0,0.0,278,0.2,7.4,MTMTLHTKASGMALLHQIQGNELEPLNRPQLKIPLERPLGEVYLDSSKPAVYNYPEGAAYEFNAAAAANAQVYGQTGLPYGPGSEAAAFGSNGLGGFPPLNSVSPSPLMLLHPPPQLBPFLQPHGQQVPYYLENEPSGYTVREAGPPAFYRPNSDNRRQGGRERLASTNDKGSMAMESAKETRY,3.523873427072326,0.0124325709498581,8.069094022115072,0.02656094955776312,12.0,12.0,12.0,13.333333333333334,13.333333333333334,13.333333333333334,0.32103664511818036,0.32103664511818036,0.32103664511818036,0.2279624896527087,0.2279624896527087,0.2279624896527087,-0.09875359921423892,inf,3.498263065735475,0.005779593205594796,3.39,0.02,0.025610361336851017,0.005934162026018051,0.52,0.020900000000000002,0.007267673447093245,0.05381,0.1329923273657289,0.00784,-0.9507493051214404,-0.945352686195895,165.65970035652276,559.5593388829902,257.16317099256673,0.14909373032087048,0.24442111481747902,0.01580668860296071
-0.22,10pAsh1,2.75,0.01,0.0,0.0,298,0.19,7.5,SASSBPBPSOPTKSGKMRSRSSBPVRPKAYOPBPRBPNYHRFALDBPPQBPRRSSNSSITKKGSRRSSGSBPTRHTTRVCV,2.26814618409954,0.0033577434649023036,5.32882817586263,0.009407704091816783,6.0,6.0,6.0,5.0,5.0,5.0,0.026007717246551265,0.026007717246551265,0.026007717246551265,0.024801755671852267,0.024801755671852267,0.024801755671852267,-0.17521956941834915,inf,2.6321006331148484,0.002466346996860412,2.9,0.05,-0.3639544490153086,0.002477621438036506,-0.1499999999999999,0.050100000000000006,-0.16046340027232395,0.00148,-0.054545454545454515,0.11162,1.426362993435392,-1.9418290049926075,2321.8309989783456,18.237579234124293,0.900440585620818,0.23218309989783456,0.04577650625344432,0.01121861122700006
-0.22,pCTD2,2.75,0.01,0.0,0.0,296,0.117,7.5,FAGSGSNIYSPGNAYSPSBSNYSPNBPSYSPTBPSYSPSBPSYSPTBPCYSPTBPSYSPTBPNYTPVOPSYSPTBPNYSABPQ,2.8932340245556465,0.00352336524386165,6.932058334350586,0.012742150227834507,4.0,4.0,4.0,3.6666666666666665,3.6666666666666665,3.6666666666666665,-0.07575552552372383,-0.07575552552372383,-0.07575552552372383,-0.048400057095228564,-0.048400057095228564,-0.048400057095228564,0.05208509983841691,inf,2.3620186802438656,0.0005836053326587946,2.61,0.05,0.5312153443117809,0.0005960194353004469,0.14000000000000012,0.050100000000000006,0.18360607534793763,0.00122,0.05090909090909095,0.12811,2.794395316512717,2.6065479086202004,205.1598579040754,60.975631820186024,1.0728920932509303,0.020515985790407542,0.15304944562498515,0.017608489679163515
-0.22,pSic-6fold,3.18,0.11,0.0,0.0,293,0.191,7.5,GSMTPSOPPRSRGTRYLAQPSGNTSSSALMQGQKOPQKPSQNLVPVOPSTTKSFKNAPLLAPPNSNMGMTBPFNGLTBPQRBPFPKSSVKRT,2.6532187966610326,0.002776689627730207,6.153280893961589,0.00592231867514864,7.0,7.0,7.0,7.0,7.0,7.0,0.06747673319541667,0.06747673319541667,0.06747673319541667,0.057967313672316,0.057967313672316,0.057967313672316,-0.16565446645879484,inf,2.756611880984958,0.0042807777634525125,3.0,0.41,-0.10339308432392524,0.004288487768741257,0.18000000000000016,0.4221,-0.0389689250106479,0.00201,0.05660377358490571,5.49913,-1.5744060240218063,-1.6884510085214457,22.933755057128163,0.45076251307752874,0.0003020506152926538,0.27749843619125075,0.08031164024262749,0.009134140716836537
-0.22,pSic-7fold,3.18,0.11,0.0,0.0,293,0.191,7.5,GSMOPSOPPRSRGTRYLAQPSGNTSSSALMQGQKOPQKPSQNLVPVOPSTTKSFKNAPLLAPPNSNMGMTBPFNGLTBPQRBPFPKSSVKRT,2.6679965693035608,0.004639461488881834,6.143214861551921,0.009875571739508973,6.0,6.0,6.0,5.333333333333333,5.333333333333333,5.333333333333333,0.04076817538335711,0.04076817538335711,0.04076817538335711,0.04540984486142993,0.04540984486142993,0.04540984486142993,-0.1610073681435344,inf,2.756611880984958,0.0042807777634525125,3.0,0.41,-0.08861531168139702,0.00430230236635933,0.18000000000000016,0.4221,-0.033214177522173004,0.00293,0.05660377358490571,5.49913,-1.4923072871188718,-1.5867838028917225,21.66508372272096,0.4049774349431202,0.00026677081440821946,0.2621475130449236,0.07215418566969416,0.008067264341073582
-0.22,HPPAGE4,3.47,0.12,0.0,0.0,293,0.191,7.8,MSARVRSRBRGRGDGQEAPDVVAFVAPGESQQEEPPTDNQDIEPGQEREGOPPIEERKVEGCDQEMDLEKTRSERGDGSDVKEKTPPNPKHAKTKEAGDGQP,3.131002177841161,0.008125792017322466,7.214151700337728,0.04106903555581166,5.0,5.0,5.0,8.333333333333334,8.333333333333334,8.333333333333334,0.07025683799835776,0.07025683799835776,0.07025683799835776,0.07411228317337291,0.07411228317337291,0.07411228317337291,-0.09769389687574617,inf,2.95389247057656,0.0020544108746381176,3.62,0.11,0.17710970726460085,0.002120439370546899,-0.1499999999999999,0.1244,0.056566459301129815,0.0026,-0.04322766570605185,0.68866,-2.1807313817640064,2.3085707584994704,7.980522460308055,6.914266329619008,0.02099907829360333,0.11491952342843599,0.1070007605867328,0.009958867385949
-0.22,CPPAGE4,4.98,0.19,0.0,0.0,293,0.191,7.8,MSARVRBRBRGRGDGQEAPDVVAFVAPGESQQEEPPTDNQDIEPGQEREGOPPIEERKVEGCDQEMDLEKORBERGDGBDVKEKOPPNPKHAKOKEAGDGQP,3.4590549048880166,0.0074408019014453475,8.214033444722494,0.03715244689147704,6.333333333333333,6.333333333333333,6.333333333333333,9.0,9.0,9.0,0.08649018306218681,0.08649018306218681,0.08649018306218681,0.11435133750753272,0.11435133750753272,0.11435133750753272,-0.30541066166907305,inf,2.95389247057656,0.0020544108746381176,3.62,0.11,0.5051624343114565,0.0021097764075746705,1.3600000000000003,0.1461,0.14604059438247355,0.00215,0.2730923694779117,0.03986,-0.6285570335945174,-0.4652337058641779,64.07961169931306,34.2347188766152,10.15984039654458,2.3132739823452018,0.7307472637123156,0.0161421535549018
-0.22,SN15p,0.96,0.06,0.0,0.0,293,0.166,7.5,DBBEEKFLRRIGRFG,0.8838535580101521,0.0003577682695775598,2.1086276372273765,0.0015757862281671137,7.0,7.0,7.0,7.333333333333333,7.333333333333333,7.333333333333333,0.03041600330634407,0.03041600330634407,0.03041600330634407,0.026045611256932832,0.026045611256932832,0.026045611256932832,-0.07931921040609155,inf,0.9353405899415496,0.0009678012655744378,0.99,0.01,-0.051487031931397476,0.0009679292637091543,-0.030000000000000027,0.013600000000000001,-0.05825289887083997,0.00054,-0.03125000000000003,0.2148,0.7162343977132477,-0.8640927638668773,1.61063350769813,2.4961750714797444,0.015803461611442478,0.005798280627713268,0.0004616925412208936,0.0007291565474288089
-0.22,rOPNp,3.9,0.06,0.0,0.0,293,0.43,7.5,MPVKQADSGSSEQKQLYNKYPDAVATWLNPDPSQKQNLLAPQNAVBBBDDDDFKQETLPSKSNESHDHMDDMDDEDDDDHVDBQDBIDBNDBDDVDDTDDSHQBDEBHHBDEBDELVTDFPTDLPATEVFTPVVPTVDTYDGRGDSVVYGLRSKSKKHHHHHH,4.494096736411785,0.013272895612855218,10.179335912068685,0.043201623411318266,13.333333333333334,13.333333333333334,13.333333333333334,14.0,14.0,14.0,0.47582801233486377,0.47582801233486377,0.47582801233486377,0.39496208962480067,0.39496208962480067,0.39496208962480067,0.15233249651584227,inf,4.27773036166333,0.016112592759436235,3.86,0.06,0.21636637474845433,0.016288762517385987,0.040000000000000036,0.0636,0.04814457441368016,0.00639,0.010256410256410265,2.52815,4.409159368711354,3.6940960053338117,98.04192561531492,7.68984072572095,0.00022459570606225308,0.35295093221513374,0.031105098141912216,0.001435512983208231
-0.22,pERa,3.91,0.03,0.0,0.0,278,0.2,7.4,MTMTLHTKASGMALLHQIQGNELEPLNRPQLKIPLERPLGEVYLDSSKPAVYNYPEGAAYEFNAAAAANAQVYGQTGLPYGPGSEAAAFGSNGLGGFPPLNSVSPSPLMLLHPPPQLBPFLQPHGQQVPYYLENEPSGYTVREAGPPAFYRPNSDNRRQGGRERLASTNDKGSMAMESAKETRY,3.497314949540345,0.00435934773311364,8.0281769434611,0.009663473821896975,18.666666666666668,18.666666666666668,18.666666666666668,16.0,16.0,16.0,0.32940039474333044,0.32940039474333044,0.32940039474333044,0.2172907887762651,0.2172907887762651,0.2172907887762651,-0.10554604871090928,inf,3.498263065735475,0.005779593205594796,3.39,0.02,-0.0009481161951301331,0.005798597118252999,0.52,0.020900000000000002,-0.00027109831651128387,37.4044,0.1329923273657289,0.00784,-1.0018233003752504,-1.0020384508029982,189.2321676365425,621.292872798825,288.92812605044054,0.17030895087288825,0.2713869397672548,0.017759140624565958
-0.17,10pAsh1,2.75,0.01,0.0,0.0,298,0.19,7.5,SASSBPBPSOPTKSGKMRSRSSBPVRPKAYOPBPRBPNYHRFALDBPPQBPRRSSNSSITKKGSRRSSGSBPTRHTTRVCV,2.2529901934280043,0.0021154384461240096,5.261961301167806,0.0020719106388780734,7.333333333333333,7.333333333333333,7.333333333333333,9.0,9.0,9.0,0.04713075000884263,0.04713075000884263,0.04713075000884263,0.024491553641647665,0.024491553641647665,0.024491553641647665,-0.18073083875345297,inf,2.6321006331148484,0.002466346996860412,2.9,0.05,-0.3791104396868441,0.002470822076679751,-0.1499999999999999,0.050100000000000006,-0.16826990228040636,0.00094,-0.054545454545454515,0.11162,1.5274029312456288,-2.0849482084741187,2470.1874782873256,20.91290216911449,1.0380628207630604,0.24701874782873257,0.05249159357349907,0.012933250012619796
-0.17,pCTD2,2.75,0.01,0.0,0.0,296,0.117,7.5,FAGSGSNIYSPGNAYSPSBSNYSPNBPSYSPTBPSYSPSBPSYSPTBPCYSPTBPSYSPTBPNYTPVOPSYSPTBPNYSABPQ,2.890494219691496,0.0024679857252140613,6.921969413757324,0.016018369143678848,3.6666666666666665,3.6666666666666665,3.6666666666666665,4.666666666666667,4.666666666666667,4.666666666666667,-0.0809366632502563,-0.0809366632502563,-0.0809366632502563,-0.043301535210504866,-0.043301535210504866,-0.043301535210504866,0.051088807160544,inf,2.3620186802438656,0.0005836053326587946,2.61,0.05,0.5284755394476304,0.000589696286198655,0.14000000000000012,0.050100000000000006,0.18283224226756448,0.00085,0.05090909090909095,0.12811,2.774825281768785,2.5913476159700135,197.38625766722345,60.12455916475523,1.0604152672972953,0.019738625766722345,0.15091324474912732,0.01740371786435071
-0.17,pSic-6fold,3.18,0.11,0.0,0.0,293,0.191,7.5,GSMTPSOPPRSRGTRYLAQPSGNTSSSALMQGQKOPQKPSQNLVPVOPSTTKSFKNAPLLAPPNSNMGMTBPFNGLTBPQRBPFPKSSVKRT,2.6478644255547614,0.002708516610755495,6.12395445505778,0.004874456832013181,11.333333333333334,11.333333333333334,11.333333333333334,9.333333333333334,9.333333333333334,9.333333333333334,0.05970903525279903,0.05970903525279903,0.05970903525279903,0.050363471000148506,0.050363471000148506,0.050363471000148506,-0.16733823095762224,inf,2.756611880984958,0.0042807777634525125,3.0,0.41,-0.10874745543019637,0.004288113825683251,0.18000000000000016,0.4221,-0.041069872906129776,0.00186,0.05660377358490571,5.49913,-1.604152530167757,-1.7255677546749588,23.40233632976564,0.4679566541420746,0.0003154763665752011,0.2831682695901642,0.08337509301741333,0.00954014121885577
-0.17,pSic-7fold,3.18,0.11,0.0,0.0,293,0.191,7.5,GSMOPSOPPRSRGTRYLAQPSGNTSSSALMQGQKOPQKPSQNLVPVOPSTTKSFKNAPLLAPPNSNMGMTBPFNGLTBPQRBPFPKSSVKRT,2.6650999391196972,0.005974429601999568,6.161662260691325,0.026898341655456653,9.333333333333334,9.333333333333334,9.333333333333334,9.666666666666666,9.666666666666666,9.666666666666666,0.0558333666363896,0.0558333666363896,0.0558333666363896,0.053855345387085196,0.053855345387085196,0.053855345387085196,-0.16191825813846003,inf,2.756611880984958,0.0042807777634525125,3.0,0.41,-0.09151194186526057,0.0043164715725217614,0.18000000000000016,0.4221,-0.03433715206022918,0.00316,0.05660377358490571,5.49913,-1.508399677029225,-1.606623019730715,21.91091509872229,0.41375872734928004,0.00027348327223503317,0.2651220726945397,0.07371873457544473,0.008270251957193954
-0.17,HPPAGE4,3.47,0.12,0.0,0.0,293,0.191,7.8,MSARVRSRBRGRGDGQEAPDVVAFVAPGESQQEEPPTDNQDIEPGQEREGOPPIEERKVEGCDQEMDLEKTRSERGDGSDVKEKTPPNPKHAKTKEAGDGQP,3.126753848053136,0.0060856872064559385,7.214347203572591,0.03768221714358225,10.333333333333334,10.333333333333334,10.333333333333334,7.666666666666667,7.666666666666667,7.666666666666667,0.0874205457932744,0.0874205457932744,0.0874205457932744,0.09067364109777122,0.09067364109777122,0.09067364109777122,-0.0989181994083182,inf,2.95389247057656,0.0020544108746381176,3.62,0.11,0.17286137747657593,0.002091446463412939,-0.1499999999999999,0.1244,0.0552846133328364,0.00195,-0.04322766570605185,0.68866,-2.1524091831771734,2.2789173884329497,8.181800057384011,6.735834841068124,0.02046308066940136,0.11781792082632975,0.104239469066072,0.00970466912143578
-0.17,CPPAGE4,4.98,0.19,0.0,0.0,293,0.191,7.8,MSARVRBRBRGRGDGQEAPDVVAFVAPGESQQEEPPTDNQDIEPGQEREGOPPIEERKVEGCDQEMDLEKORBERGDGBDVKEKOPPNPKHAKOKEAGDGQP,3.4480546362440614,0.002670251452681003,8.173933664957682,0.007619766442929887,5.333333333333333,5.333333333333333,5.333333333333333,5.666666666666667,5.666666666666667,5.666666666666667,0.06955523302506163,0.06955523302506163,0.06955523302506163,0.0869400369389939,0.0869400369389939,0.0869400369389939,-0.3076195509550078,inf,2.95389247057656,0.0020544108746381176,3.62,0.11,0.49416216566750126,0.0020615411174586627,1.3600000000000003,0.1461,0.14331622256594756,0.00077,0.2730923694779117,0.03986,-0.636645466420955,-0.4752097144276333,65.0098780480143,35.121470126627564,10.600226927786958,2.3468565975333164,0.7496751553615921,0.016841848307315704
-0.17,SN15p,0.96,0.06,0.0,0.0,293,0.166,7.5,DBBEEKFLRRIGRFG,0.8849833072200403,0.0013435626436639017,2.1175104777018228,0.006457259961339042,7.0,7.0,7.0,5.0,5.0,5.0,0.030050336139914067,0.030050336139914067,0.030050336139914067,0.017660132914426797,0.017660132914426797,0.017660132914426797,-0.07814238831245802,inf,0.9353405899415496,0.0009678012655744378,0.99,0.01,-0.0503572827215093,0.0009696064261518869,-0.030000000000000027,0.013600000000000001,-0.05690195771002105,0.00156,-0.03125000000000003,0.2148,0.6785760907169752,-0.820862646720672,1.563195609900794,2.2405869366536546,0.014261738743517575,0.005627504195642858,0.00041441895980346,0.0006580229343567071
-0.17,rOPNp,3.9,0.06,0.0,0.0,293,0.43,7.5,MPVKQADSGSSEQKQLYNKYPDAVATWLNPDPSQKQNLLAPQNAVBBBDDDDFKQETLPSKSNESHDHMDDMDDEDDDDHVDBQDBIDBNDBDDVDDTDDSHQBDEBHHBDEBDELVTDFPTDLPATEVFTPVVPTVDTYDGRGDSVVYGLRSKSKKHHHHHH,4.50002865929078,0.017714728910823572,10.206457138061523,0.08556216775132379,23.666666666666668,23.666666666666668,23.666666666666668,12.666666666666666,12.666666666666666,12.666666666666666,0.47534429241255327,0.47534429241255327,0.47534429241255327,0.385161553198831,0.385161553198831,0.385161553198831,0.15385350238225123,inf,4.27773036166333,0.016112592759436235,3.86,0.06,0.22229829762744924,0.0164264043798202,0.040000000000000036,0.0636,0.04939930708407627,0.00673,0.010256410256410265,2.52815,4.557457440686226,3.816432440697432,100.00955332508073,8.215821495853124,0.00023971778184052333,0.36003439197029063,0.03323266931786605,0.0015321663720613051
-0.17,pERa,3.91,0.03,0.0,0.0,278,0.2,7.4,MTMTLHTKASGMALLHQIQGNELEPLNRPQLKIPLERPLGEVYLDSSKPAVYNYPEGAAYEFNAAAAANAQVYGQTGLPYGPGSEAAAFGSNGLGGFPPLNSVSPSPLMLLHPPPQLBPFLQPHGQQVPYYLENEPSGYTVREAGPPAFYRPNSDNRRQGGRERLASTNDKGSMAMESAKETRY,3.502912375318696,0.00594515710932602,8.005688508351644,0.021942954149690854,15.0,15.0,15.0,16.666666666666668,16.666666666666668,16.666666666666668,0.30994897001433497,0.30994897001433497,0.30994897001433497,0.2134877786634827,0.2134877786634827,0.2134877786634827,-0.10411448201567883,inf,3.498263065735475,0.005779593205594796,3.39,0.02,0.004649309583220962,0.005814938098649366,0.52,0.020900000000000002,0.001327269735885976,1.56428,0.1329923273657289,0.00784,-0.9910590200322674,-0.9900199525628574,184.13370463185157,608.0134019666463,282.03885426433425,0.1657203341686664,0.2655863341130508,0.01733568740066986
-0.12,10pAsh1,2.75,0.01,0.0,0.0,298,0.19,7.5,SASSBPBPSOPTKSGKMRSRSSBPVRPKAYOPBPRBPNYHRFALDBPPQBPRRSSNSSITKKGSRRSSGSBPTRHTTRVCV,2.241987852044723,0.006022195889483622,5.224441369374593,0.015771135129417926,6.666666666666667,6.666666666666667,6.666666666666667,4.666666666666667,4.666666666666667,4.666666666666667,0.040347339784422696,0.040347339784422696,0.040347339784422696,0.018597614673938834,0.018597614673938834,0.018597614673938834,-0.1847316901655552,inf,2.6321006331148484,0.002466346996860412,2.9,0.05,-0.39011278107012526,0.002502613840191725,-0.1499999999999999,0.050100000000000006,-0.17400307531298045,0.00269,-0.054545454545454515,0.11162,1.6007518738008366,-2.190056380737977,2580.76342470134,22.96968842085487,1.1453644122759763,0.25807634247013406,0.057654147633229944,0.014270123159438047
-0.12,pCTD2,2.75,0.01,0.0,0.0,296,0.117,7.5,FAGSGSNIYSPGNAYSPSBSNYSPNBPSYSPTBPSYSPSBPSYSPTBPCYSPTBPSYSPTBPNYTPVOPSYSPTBPNYSABPQ,2.880651631500315,0.0032154577856402513,6.905505975087483,0.009409500307290401,3.6666666666666665,3.6666666666666665,3.6666666666666665,3.3333333333333335,3.3333333333333335,3.3333333333333335,-0.08824997495332292,-0.08824997495332292,-0.08824997495332292,-0.04661009286747277,-0.04661009286747277,-0.04661009286747277,0.04750968418193273,inf,2.3620186802438656,0.0005836053326587946,2.61,0.05,0.5186329512564494,0.0005939445014300291,0.14000000000000012,0.050100000000000006,0.18004014979983277,0.00112,0.05090909090909095,0.12811,2.7045210804032065,2.536502942496712,170.69848813694102,57.116470363531874,1.0160038700937233,0.017069848813694104,0.14336291177716867,0.01667483037024423
-0.12,pSic-6fold,3.18,0.11,0.0,0.0,293,0.191,7.5,GSMTPSOPPRSRGTRYLAQPSGNTSSSALMQGQKOPQKPSQNLVPVOPSTTKSFKNAPLLAPPNSNMGMTBPFNGLTBPQRBPFPKSSVKRT,2.63864316270678,0.0028930256515310054,6.071750481923421,0.022652753981116495,6.666666666666667,6.666666666666667,6.666666666666667,6.0,6.0,6.0,0.06782897335179998,0.06782897335179998,0.06782897335179998,0.05961529469633844,0.05961529469633844,0.05961529469633844,-0.17023799914881133,inf,2.756611880984958,0.0042807777634525125,3.0,0.41,-0.11796871827817768,0.004289147360872929,0.18000000000000016,0.4221,-0.04470809844449095,0.00172,0.05660377358490571,5.49913,-1.6553817682120977,-1.7898430725193395,24.22043184166264,0.49832266602334346,0.0003394163097944256,0.29306722528411794,0.08878535707234012,0.010264095414100846
-0.12,pSic-7fold,3.18,0.11,0.0,0.0,293,0.191,7.5,GSMOPSOPPRSRGTRYLAQPSGNTSSSALMQGQKOPQKPSQNLVPVOPSTTKSFKNAPLLAPPNSNMGMTBPFNGLTBPQRBPFPKSSVKRT,2.6614025900131693,0.0034096933603038056,6.124461491902669,0.004651792490483232,7.333333333333333,7.333333333333333,7.333333333333333,5.666666666666667,5.666666666666667,5.666666666666667,0.041769404602328135,0.041769404602328135,0.041769404602328135,0.04137269595734434,0.04137269595734434,0.04137269595734434,-0.16308094653673927,inf,2.756611880984958,0.0042807777634525125,3.0,0.41,-0.09520929097178854,0.004292403772263812,0.18000000000000016,0.4221,-0.03577410322251074,0.0024,0.05660377358490571,5.49913,-1.5289405053988248,-1.6320091569310224,22.22671683016935,0.42510428104058773,0.00028219413248599547,0.26894327364504916,0.07574015383719465,0.00853367212344621
-0.12,HPPAGE4,3.47,0.12,0.0,0.0,293,0.191,7.8,MSARVRSRBRGRGDGQEAPDVVAFVAPGESQQEEPPTDNQDIEPGQEREGOPPIEERKVEGCDQEMDLEKTRSERGDGSDVKEKTPPNPKHAKTKEAGDGQP,3.124889059218713,0.008743880632634862,7.203097502390544,0.032163050448194876,5.666666666666667,5.666666666666667,5.666666666666667,8.0,8.0,8.0,0.0794827107094911,0.0794827107094911,0.0794827107094911,0.0785827797855594,0.0785827797855594,0.0785827797855594,-0.0994556025306303,inf,2.95389247057656,0.0020544108746381176,3.62,0.11,0.17099658864215295,0.002130866323155885,-0.1499999999999999,0.1244,0.05472085101315745,0.0028,-0.04322766570605185,0.68866,-2.139977257614354,2.265875686771043,8.270941767148964,6.658249625204164,0.020229540157509305,0.11910156144694507,0.1030388099198995,0.009593911927493221
-0.12,CPPAGE4,4.98,0.19,0.0,0.0,293,0.191,7.8,MSARVRBRBRGRGDGQEAPDVVAFVAPGESQQEEPPTDNQDIEPGQEREGOPPIEERKVEGCDQEMDLEKORBERGDGBDVKEKOPPNPKHAKOKEAGDGQP,3.4416837349178473,0.0017931512812056933,8.131013870239258,0.010853363200860878,5.0,5.0,5.0,5.0,5.0,5.0,0.0850795788667174,0.0850795788667174,0.0850795788667174,0.10440870292867364,0.10440870292867364,0.10440870292867364,-0.30889884841007087,inf,2.95389247057656,0.0020544108746381176,3.62,0.11,0.48779126434128717,0.002057626266155407,1.3600000000000003,0.1461,0.14173041508502543,0.00052,0.2730923694779117,0.03986,-0.6413299526902301,-0.48101656829159817,65.5517155516982,35.64022460118082,10.860869957746454,2.366416931416305,0.760748078559371,0.017255963061918737
-0.12,SN15p,0.96,0.06,0.0,0.0,293,0.166,7.5,DBBEEKFLRRIGRFG,0.8803437274806933,0.0003382516554918547,2.094683885574341,0.001610011747182041,4.666666666666667,4.666666666666667,4.666666666666667,10.333333333333334,10.333333333333334,10.333333333333334,0.027488534562001468,0.027488534562001468,0.027488534562001468,0.0129925285324169,0.0129925285324169,0.0129925285324169,-0.08297528387427774,inf,0.9353405899415496,0.0009678012655744378,0.99,0.01,-0.05499686246085622,0.0009679156797568807,-0.030000000000000027,0.013600000000000001,-0.06247203307535618,0.00049,-0.03125000000000003,0.2148,0.8332287486952058,-0.9991050584113961,1.7625338199083456,3.3782608828231058,0.021127777026973982,0.0063451217516700435,0.0006248431328869617,0.0009748153493586337
-0.12,rOPNp,3.9,0.06,0.0,0.0,293,0.43,7.5,MPVKQADSGSSEQKQLYNKYPDAVATWLNPDPSQKQNLLAPQNAVBBBDDDDFKQETLPSKSNESHDHMDDMDDEDDDDHVDBQDBIDBNDBDDVDDTDDSHQBDEBHHBDEBDELVTDFPTDLPATEVFTPVVPTVDTYDGRGDSVVYGLRSKSKKHHHHHH,4.52086777227906,0.01486079440686702,10.287320137023926,0.05914744894005289,19.666666666666668,19.666666666666668,19.666666666666668,11.666666666666666,11.666666666666666,11.666666666666666,0.4619994622856778,0.4619994622856778,0.4619994622856778,0.3865885816793002,0.3865885816793002,0.3865885816793002,0.15919686468693856,inf,4.27773036166333,0.016112592759436235,3.86,0.06,0.2431374106157298,0.016333435969839404,0.040000000000000036,0.0636,0.053781137353008525,0.00558,0.010256410256410265,2.52815,5.07843526539324,4.243660891918326,107.07688629298976,10.201536626236996,0.00029639197295546925,0.3854767906547631,0.0412648075916636,0.0018944018688333544
-0.12,pERa,3.91,0.03,0.0,0.0,278,0.2,7.4,MTMTLHTKASGMALLHQIQGNELEPLNRPQLKIPLERPLGEVYLDSSKPAVYNYPEGAAYEFNAAAAANAQVYGQTGLPYGPGSEAAAFGSNGLGGFPPLNSVSPSPLMLLHPPPQLBPFLQPHGQQVPYYLENEPSGYTVREAGPPAFYRPNSDNRRQGGRERLASTNDKGSMAMESAKETRY,3.5164298588256826,0.007606699362506772,8.041117032368978,0.04804505094751043,10.666666666666666,10.666666666666666,10.666666666666666,8.333333333333334,8.333333333333334,8.333333333333334,0.3143371268473142,0.3143371268473142,0.3143371268473142,0.21740768828015308,0.21740768828015308,0.21740768828015308,-0.1006573251085211,inf,3.498263065735475,0.005779593205594796,3.39,0.02,0.018166793090207634,0.005837455080786357,0.52,0.020900000000000002,0.005166260616463558,0.10327,0.1329923273657289,0.00784,-0.9650638594419084,-0.9611536942108221,172.10828447108025,576.5357193227409,265.8316739865493,0.15489745602397223,0.2518365675573665,0.016339503340587643
-0.07,10pAsh1,2.75,0.01,0.0,0.0,298,0.19,7.5,SASSBPBPSOPTKSGKMRSRSSBPVRPKAYOPBPRBPNYHRFALDBPPQBPRRSSNSSITKKGSRRSSGSBPTRHTTRVCV,2.234028365137146,0.0024733674274337587,5.2479376792907715,0.009631762170417458,12.666666666666666,12.666666666666666,12.666666666666666,11.0,11.0,11.0,0.0677466381762467,0.0677466381762467,0.0677466381762467,0.042483735443784,0.042483735443784,0.042483735443784,-0.18762604904103775,inf,2.6321006331148484,0.002466346996860412,2.9,0.05,-0.39807226797770223,0.0024724645432915022,-0.1499999999999999,0.050100000000000006,-0.1781858611062285,0.00111,-0.054545454545454515,0.11162,1.6538151198513498,-2.2667407869475245,2662.267279830461,24.51777090115216,1.2269781038805483,0.26622672798304614,0.06153985013960095,0.015286950134513484
-0.07,pCTD2,2.75,0.01,0.0,0.0,296,0.117,7.5,FAGSGSNIYSPGNAYSPSBSNYSPNBPSYSPTBPSYSPSBPSYSPTBPCYSPTBPSYSPTBPNYTPVOPSYSPTBPNYSABPQ,2.8738428431462744,0.0029075016857647604,6.871411005655925,0.0164852030680438,8.0,8.0,8.0,8.666666666666666,8.666666666666666,8.666666666666666,-0.07645699275699021,-0.07645699275699021,-0.07645699275699021,-0.0395940926652652,-0.0395940926652652,-0.0395940926652652,0.045033761144099765,inf,2.3620186802438656,0.0005836053326587946,2.61,0.05,0.5118241629024087,0.0005920588987115195,0.14000000000000012,0.050100000000000006,0.17809747812864576,0.00101,0.05090909090909095,0.12811,2.655886877874345,2.49834332038411,153.37049798552715,55.08073996441324,0.9856639173014407,0.015337049798552715,0.1382532081180769,0.016176885843511412
-0.07,pSic-6fold,3.18,0.11,0.0,0.0,293,0.191,7.5,GSMTPSOPPRSRGTRYLAQPSGNTSSSALMQGQKOPQKPSQNLVPVOPSTTKSFKNAPLLAPPNSNMGMTBPFNGLTBPQRBPFPKSSVKRT,2.631658296401615,0.010404997586422588,6.081186135609944,0.05144077311852122,9.666666666666666,9.666666666666666,9.666666666666666,9.666666666666666,9.666666666666666,9.666666666666666,0.06762925963889087,0.06762925963889087,0.06762925963889087,0.06313518762916986,0.06313518762916986,0.06313518762916986,-0.17243449798691354,inf,2.756611880984958,0.0042807777634525125,3.0,0.41,-0.12495358458334271,0.004389041738225972,0.18000000000000016,0.4221,-0.047480930466617714,0.00414,0.05660377358490571,5.49913,-1.6941865810185701,-1.8388297715769122,24.849473050014808,0.5219594694156504,0.00035824971226712087,0.3006786239051792,0.09299668875023005,0.010833625617493218
-0.07,pSic-7fold,3.18,0.11,0.0,0.0,293,0.191,7.5,GSMOPSOPPRSRGTRYLAQPSGNTSSSALMQGQKOPQKPSQNLVPVOPSTTKSFKNAPLLAPPNSNMGMTBPFNGLTBPQRBPFPKSSVKRT,2.649049186168858,0.009289939859865103,6.071087678273519,0.026076447741990246,4.666666666666667,4.666666666666667,4.666666666666667,5.333333333333333,5.333333333333333,5.333333333333333,0.045981442346017136,0.045981442346017136,0.045981442346017136,0.05492736268165723,0.05492736268165723,0.05492736268165723,-0.1669656647267743,inf,2.756611880984958,0.0042807777634525125,3.0,0.41,-0.10756269481609992,0.004367080746052423,0.18000000000000016,0.4221,-0.04060426487273369,0.00387,0.05660377358490571,5.49913,-1.5975705267561102,-1.717342012751628,23.2982451824754,0.46412438349703816,0.00031247579826969947,0.28190876670795234,0.08269230344989752,0.0094494027407819
-0.07,HPPAGE4,3.47,0.12,0.0,0.0,293,0.191,7.8,MSARVRSRBRGRGDGQEAPDVVAFVAPGESQQEEPPTDNQDIEPGQEREGOPPIEERKVEGCDQEMDLEKTRSERGDGSDVKEKTPPNPKHAKTKEAGDGQP,3.1192851030507946,0.007863092006256235,7.158698717753093,0.02569863420956458,8.0,8.0,8.0,6.666666666666667,6.666666666666667,6.666666666666667,0.10584292732726519,0.10584292732726519,0.10584292732726519,0.08556298999279381,0.08556298999279381,0.08556298999279381,-0.1010705754896846,inf,2.95389247057656,0.0020544108746381176,3.62,0.11,0.16539263247423452,0.0021162390905369683,-0.1499999999999999,0.1244,0.05302260838949073,0.00253,-0.04322766570605185,0.68866,-2.102617549828231,2.226589674076886,8.541731870978602,6.427799587151933,0.01953413718642191,0.12300093894209187,0.09947251261902752,0.009264115263467073
-0.07,CPPAGE4,4.98,0.19,0.0,0.0,293,0.191,7.8,MSARVRBRBRGRGDGQEAPDVVAFVAPGESQQEEPPTDNQDIEPGQEREGOPPIEERKVEGCDQEMDLEKORBERGDGBDVKEKOPPNPKHAKOKEAGDGQP,3.44595478129466,0.007617423206236763,8.15663973490397,0.053621147767124344,4.333333333333333,4.333333333333333,4.333333333333333,6.333333333333333,6.333333333333333,6.333333333333333,0.07947258387282877,0.07947258387282877,0.07947258387282877,0.09507692543612069,0.09507692543612069,0.09507692543612069,-0.30804120857536954,inf,2.95389247057656,0.0020544108746381176,3.62,0.11,0.4920623107180999,0.002112436010941032,1.3600000000000003,0.1461,0.1427941867923264,0.00221,0.2730923694779117,0.03986,-0.6381894774131619,-0.4771212865986873,65.18821975159877,35.29203191142202,10.68567911118806,2.3532947330327154,0.7533158324760046,0.016977616411166168
-0.07,SN15p,0.96,0.06,0.0,0.0,293,0.166,7.5,DBBEEKFLRRIGRFG,0.8785274558814425,0.0006187407316137473,2.0909527937571206,0.0014986587488771829,4.0,4.0,4.0,3.6666666666666665,3.6666666666666665,3.6666666666666665,0.0165411890256494,0.0165411890256494,0.0165411890256494,0.010058938945167467,0.010058938945167467,0.010058938945167467,-0.08486723345683066,inf,0.9353405899415496,0.0009678012655744378,0.99,0.01,-0.05681313406010702,0.0009681841056673957,-0.030000000000000027,0.013600000000000001,-0.06466859251781194,0.00076,-0.03125000000000003,0.2148,0.8937711353368989,-1.0693949605699804,1.8438265125417461,3.8870250763693206,0.024205148738932463,0.006637775445150286,0.0007189441581252696,0.0011168023258715544
-0.07,rOPNp,3.9,0.06,0.0,0.0,293,0.43,7.5,MPVKQADSGSSEQKQLYNKYPDAVATWLNPDPSQKQNLLAPQNAVBBBDDDDFKQETLPSKSNESHDHMDDMDDEDDDDHVDBQDBIDBNDBDDVDDTDDSHQBDEBHHBDEBDELVTDFPTDLPATEVFTPVVPTVDTYDGRGDSVVYGLRSKSKKHHHHHH,4.472146251421861,0.018107443042012547,10.15702756245931,0.07467227802281516,15.333333333333334,15.333333333333334,15.333333333333334,12.0,12.0,12.0,0.4788466687885056,0.4788466687885056,0.4788466687885056,0.3902110353268902,0.3902110353268902,0.3902110353268902,0.14670416703124634,inf,4.27773036166333,0.016112592759436235,3.86,0.06,0.1944158897585302,0.016440472252955963,0.040000000000000036,0.0636,0.043472614451443355,0.00822,0.010256410256410265,2.52815,3.8603972439632503,3.2385799090157232,90.93092583780196,5.894809098215689,0.00017262127796291465,0.32735133301608704,0.023844267009918537,0.0011033162211261335
-0.07,pERa,3.91,0.03,0.0,0.0,278,0.2,7.4,MTMTLHTKASGMALLHQIQGNELEPLNRPQLKIPLERPLGEVYLDSSKPAVYNYPEGAAYEFNAAAAANAQVYGQTGLPYGPGSEAAAFGSNGLGGFPPLNSVSPSPLMLLHPPPQLBPFLQPHGQQVPYYLENEPSGYTVREAGPPAFYRPNSDNRRQGGRERLASTNDKGSMAMESAKETRY,3.502125402902877,0.006385267587473851,7.987664699554443,0.023106245857937323,11.0,11.0,11.0,13.666666666666666,13.666666666666666,13.666666666666666,0.30294125362511726,0.30294125362511726,0.30294125362511726,0.2079120013454089,0.2079120013454089,0.2079120013454089,-0.10431575373327952,inf,3.498263065735475,0.005779593205594796,3.39,0.02,0.003862337167402252,0.0058203648477584405,0.52,0.020900000000000002,0.0011028551873673053,2.27091,0.1329923273657289,0.00784,-0.9925724285242264,-0.991707377341142,184.84631884126705,609.8717680325457,283.0011074729088,0.16636168695714035,0.26639808699429635,0.017394832871486823
-0.02,10pAsh1,2.75,0.01,0.0,0.0,298,0.19,7.5,SASSBPBPSOPTKSGKMRSRSSBPVRPKAYOPBPRBPNYHRFALDBPPQBPRRSSNSSITKKGSRRSSGSBPTRHTTRVCV,2.2120467513985056,0.0015119072502451534,5.149204572041829,0.007120096134974256,9.333333333333334,9.333333333333334,9.333333333333334,7.333333333333333,7.333333333333333,7.333333333333333,0.06108217774771813,0.06108217774771813,0.06108217774771813,0.0373827099852162,0.0373827099852162,0.0373827099852162,-0.19561936312781614,inf,2.6321006331148484,0.002466346996860412,2.9,0.05,-0.42005388171634284,0.0024686328603937555,-0.1499999999999999,0.050100000000000006,-0.1898937630729438,0.00068,-0.054545454545454515,0.11162,1.8003592114422873,-2.4813856563373053,2893.9369768090123,29.055302182088724,1.4703530575999542,0.28939369768090123,0.07292909903006453,0.018319164621252434
-0.02,pCTD2,2.75,0.01,0.0,0.0,296,0.117,7.5,FAGSGSNIYSPGNAYSPSBSNYSPNBPSYSPTBPSYSPSBPSYSPTBPCYSPTBPSYSPTBPNYTPVOPSYSPTBPNYSABPQ,2.8598180559122093,0.0028443992807958797,6.829310576121013,0.02098333961575588,13.666666666666666,13.666666666666666,13.666666666666666,9.333333333333334,9.333333333333334,9.333333333333334,-0.0629467984437332,-0.0629467984437332,-0.0629467984437332,-0.03248733133651147,-0.03248733133651147,-0.03248733133651147,0.03993383851353065,inf,2.3620186802438656,0.0005836053326587946,2.61,0.05,0.49779937566834365,0.0005916959399273867,0.14000000000000012,0.050100000000000006,0.1740667993333437,0.00099,0.05090909090909095,0.12811,2.5557098262024516,2.419169272619248,120.60005404337123,51.00393752561001,0.9241812145214622,0.012060005404337123,0.1280203932286564,0.015167821144313257
-0.02,pSic-6fold,3.18,0.11,0.0,0.0,293,0.191,7.5,GSMTPSOPPRSRGTRYLAQPSGNTSSSALMQGQKOPQKPSQNLVPVOPSTTKSFKNAPLLAPPNSNMGMTBPFNGLTBPQRBPFPKSSVKRT,2.6190041953017498,0.0018948697098343519,6.039912064870198,0.015217622293555447,10.333333333333334,10.333333333333334,10.333333333333334,8.0,8.0,8.0,0.06881484147012011,0.06881484147012011,0.06881484147012011,0.0564493566227377,0.0564493566227377,0.0564493566227377,-0.17641377506234288,inf,2.756611880984958,0.0042807777634525125,3.0,0.41,-0.13760768568320803,0.00428436829466976,0.18000000000000016,0.4221,-0.05254198749664603,0.00121,0.05660377358490571,5.49913,-1.7644871426844884,-1.9282417791074125,26.009610982565086,0.566175799655189,0.00039393609363031363,0.3147162928890375,0.10087464200504356,0.011912797162071175
-0.02,pSic-7fold,3.18,0.11,0.0,0.0,293,0.191,7.5,GSMOPSOPPRSRGTRYLAQPSGNTSSSALMQGQKOPQKPSQNLVPVOPSTTKSFKNAPLLAPPNSNMGMTBPFNGLTBPQRBPFPKSSVKRT,2.6328954979644412,0.004786715431395207,6.035881360371907,0.025444905307911728,11.0,11.0,11.0,6.666666666666667,6.666666666666667,6.666666666666667,0.058292778329348066,0.058292778329348066,0.058292778329348066,0.05227785802415253,0.05227785802415253,0.05227785802415253,-0.1720454408916852,inf,2.756611880984958,0.0042807777634525125,3.0,0.41,-0.12371638302051657,0.004303690408073669,0.18000000000000016,0.4221,-0.04698871759861524,0.00218,0.05660377358490571,5.49913,-1.6873132390028693,-1.8301340109088686,24.737465797320404,0.5177328647377234,0.00035486942351703335,0.2993233361475769,0.09224364131506523,0.010731404229607867
-0.02,HPPAGE4,3.47,0.12,0.0,0.0,293,0.191,7.8,MSARVRSRBRGRGDGQEAPDVVAFVAPGESQQEEPPTDNQDIEPGQEREGOPPIEERKVEGCDQEMDLEKTRSERGDGSDVKEKTPPNPKHAKTKEAGDGQP,3.110881473389261,0.0031531913767650454,7.144143581390381,0.013697554261616111,15.333333333333334,15.333333333333334,15.333333333333334,15.333333333333334,15.333333333333334,15.333333333333334,0.10883425586608497,0.10883425586608497,0.10883425586608497,0.10297862208412879,0.10297862208412879,0.10297862208412879,-0.1034923707811928,inf,2.95389247057656,0.0020544108746381176,3.62,0.11,0.156989002812701,0.002064353490496623,-0.1499999999999999,0.1244,0.05046447579427182,0.00103,-0.04322766570605185,0.68866,-2.046593352084674,2.1674115400408223,8.955980288546396,6.089825881138564,0.018509582151703192,0.1289661161550681,0.09424224784793649,0.008778217378916672
-0.02,CPPAGE4,4.98,0.19,0.0,0.0,293,0.191,7.8,MSARVRBRBRGRGDGQEAPDVVAFVAPGESQQEEPPTDNQDIEPGQEREGOPPIEERKVEGCDQEMDLEKORBERGDGBDVKEKOPPNPKHAKOKEAGDGQP,3.429570421983888,0.0038004424472423298,8.09499994913737,0.02095804445386713,21.333333333333332,21.333333333333332,21.333333333333332,11.0,11.0,11.0,0.08324627003518986,0.08324627003518986,0.08324627003518986,0.10159029748844917,0.10159029748844917,0.10159029748844917,-0.31133124056548445,inf,2.95389247057656,0.0020544108746381176,3.62,0.11,0.4756779514073277,0.002068854237432919,1.3600000000000003,0.1461,0.13869898934227584,0.00111,0.2730923694779117,0.03986,-0.6502368004357886,-0.4921169360849018,66.58814062014463,36.63704810714634,11.367924101818437,2.403831876387221,0.7820254856271412,0.018061580624281526
-0.02,SN15p,0.96,0.06,0.0,0.0,293,0.166,7.5,DBBEEKFLRRIGRFG,0.8761876025307934,0.0016103764059878676,2.0848395824432373,0.007396433725061714,4.333333333333333,4.333333333333333,4.333333333333333,5.666666666666667,5.666666666666667,5.666666666666667,0.0123377194837889,0.0123377194837889,0.0123377194837889,0.007140818599662566,0.007140818599662566,0.007140818599662566,-0.08730458069709016,inf,0.9353405899415496,0.0009678012655744378,0.99,0.01,-0.05915298741075614,0.0009703945777434002,-0.030000000000000027,0.013600000000000001,-0.06751178313856275,0.00186,-0.03125000000000003,0.2148,0.971766247025203,-1.160377060434006,1.9512549915378499,4.595029600841828,0.02849900900383172,0.0070245179695362595,0.0008498966749717046,0.0013149169163881517
-0.02,rOPNp,3.9,0.06,0.0,0.0,293,0.43,7.5,MPVKQADSGSSEQKQLYNKYPDAVATWLNPDPSQKQNLLAPQNAVBBBDDDDFKQETLPSKSNESHDHMDDMDDEDDDDHVDBQDBIDBNDBDDVDDTDDSHQBDEBHHBDEBDELVTDFPTDLPATEVFTPVVPTVDTYDGRGDSVVYGLRSKSKKHHHHHH,4.44823801373499,0.017449463888388122,10.03834342956543,0.052760902076096655,17.0,17.0,17.0,19.0,19.0,19.0,0.4683974013421059,0.4683974013421059,0.4683974013421059,0.38933620342525593,0.38933620342525593,0.38933620342525593,0.14057384967563846,inf,4.27773036166333,0.016112592759436235,3.86,0.06,0.17050765207165952,0.016417076549428394,0.040000000000000036,0.0636,0.038331503742645226,0.01007,0.010256410256410265,2.52815,3.262691301791484,2.7373216149079065,83.49025547335754,4.210733171467042,0.00012332091726186656,0.3005649197040871,0.017032247249257327,0.0007882108742608327
-0.02,pERa,3.91,0.03,0.0,0.0,278,0.2,7.4,MTMTLHTKASGMALLHQIQGNELEPLNRPQLKIPLERPLGEVYLDSSKPAVYNYPEGAAYEFNAAAAANAQVYGQTGLPYGPGSEAAAFGSNGLGGFPPLNSVSPSPLMLLHPPPQLBPFLQPHGQQVPYYLENEPSGYTVREAGPPAFYRPNSDNRRQGGRERLASTNDKGSMAMESAKETRY,3.5211922962752262,0.004554546967206492,8.084145545959473,0.01726224620790208,9.333333333333334,9.333333333333334,9.333333333333334,7.666666666666667,7.666666666666667,7.666666666666667,0.3041890778355725,0.3041890778355725,0.3041890778355725,0.20716031948412192,0.20716031948412192,0.20716031948412192,-0.0994393104155432,inf,3.498263065735475,0.005779593205594796,3.39,0.02,0.022929230539751266,0.005800337103671286,0.52,0.020900000000000002,0.006511780275109137,0.06401,0.1329923273657289,0.00784,-0.9559053258850937,-0.9510364213929294,167.9682560841462,565.6449024788894,260.26474633522633,0.15117143047573156,0.24707934985180377,0.01599732879234249
0.0,10pAsh1,2.75,0.01,0.0,0.0,298,0.19,7.5,SASSBPBPSOPTKSGKMRSRSSBPVRPKAYOPBPRBPNYHRFALDBPPQBPRRSSNSSITKKGSRRSSGSBPTRHTTRVCV,2.2027803049334485,0.003195987476676222,5.113990147908528,0.010158519580152603,7.0,7.0,7.0,5.666666666666667,5.666666666666667,5.666666666666667,0.0525050336949475,0.0525050336949475,0.0525050336949475,0.029867449319013802,0.029867449319013802,0.029867449319013802,-0.19898898002420057,inf,2.6321006331148484,0.002466346996860412,2.9,0.05,-0.4293203281814,0.002476561332811483,-0.1499999999999999,0.050100000000000006,-0.1948992948683418,0.00145,-0.054545454545454515,0.11162,1.862135521209335,-2.573153739252935,2994.4939466872966,31.083480040065588,1.5811190235234263,0.29944939466872966,0.07801984573536504,0.01969920049338254
0.0,pCTD2,2.75,0.01,0.0,0.0,296,0.117,7.5,FAGSGSNIYSPGNAYSPSBSNYSPNBPSYSPTBPSYSPSBPSYSPTBPCYSPTBPSYSPTBPNYTPVOPSYSPTBPNYSABPQ,2.8569748915993554,0.0035068192116087062,6.8355644543965655,0.02123709062813023,4.666666666666667,4.666666666666667,4.666666666666667,4.0,4.0,4.0,-0.07685882633390996,-0.07685882633390996,-0.07685882633390996,-0.03967202243840727,-0.03967202243840727,-0.03967202243840727,0.038899960581583765,inf,2.3620186802438656,0.0005836053326587946,2.61,0.05,0.49495621135548973,0.0005959031136417024,0.14000000000000012,0.050100000000000006,0.17324485868281805,0.00123,0.05090909090909095,0.12811,2.5354015096820666,2.403024009841066,114.43627432693829,50.19657769484702,0.911886615957877,0.01144362743269383,0.125993911979843,0.014966040076787285
0.0,pSic-6fold,3.18,0.11,0.0,0.0,293,0.191,7.5,GSMTPSOPPRSRGTRYLAQPSGNTSSSALMQGQKOPQKPSQNLVPVOPSTTKSFKNAPLLAPPNSNMGMTBPFNGLTBPQRBPFPKSSVKRT,2.6173497231384615,0.0030354274986284773,6.062858581542969,0.01755417091173624,10.333333333333334,10.333333333333334,10.333333333333334,8.666666666666666,8.666666666666666,8.666666666666666,0.06631984923881552,0.06631984923881552,0.06631984923881552,0.05415721522084283,0.05415721522084283,0.05415721522084283,-0.17693404932752788,inf,2.756611880984958,0.0042807777634525125,3.0,0.41,-0.13926215784649632,0.004289991583551943,0.18000000000000016,0.4221,-0.05320731754543952,0.0015,0.05660377358490571,5.49913,-1.7736786547027565,-1.939995943302764,26.163250748129435,0.5720897741232649,0.0003987534381429268,0.31657533405236615,0.10192832543280123,0.012058475735236985
0.0,pSic-7fold,3.18,0.11,0.0,0.0,293,0.191,7.5,GSMOPSOPPRSRGTRYLAQPSGNTSSSALMQGQKOPQKPSQNLVPVOPSTTKSFKNAPLLAPPNSNMGMTBPFNGLTBPQRBPFPKSSVKRT,2.6396427609030764,0.00584702073986331,6.069528897603353,0.017184627242212428,6.666666666666667,6.666666666666667,6.666666666666667,6.0,6.0,6.0,0.047814715193836475,0.047814715193836475,0.047814715193836475,0.051318527594812535,0.051318527594812535,0.051318527594812535,-0.16992366009337226,inf,2.756611880984958,0.0042807777634525125,3.0,0.41,-0.11696912008188143,0.0043149654149849045,0.18000000000000016,0.4221,-0.04431248114872327,0.0026,0.05660377358490571,5.49913,-1.6498284448993408,-1.7828538336274435,24.13106990450001,0.49498481959965307,0.000336770681321693,0.2919859458444501,0.08819065828220701,0.010184090469462692
0.0,HPPAGE4,3.47,0.12,0.0,0.0,293,0.191,7.8,MSARVRSRBRGRGDGQEAPDVVAFVAPGESQQEEPPTDNQDIEPGQEREGOPPIEERKVEGCDQEMDLEKTRSERGDGSDVKEKTPPNPKHAKTKEAGDGQP,3.125941151101012,0.011116966332957603,7.189412593841553,0.0432593659313032,7.333333333333333,7.333333333333333,7.333333333333333,8.666666666666666,8.666666666666666,8.666666666666666,0.09543539046356264,0.09543539046356264,0.09543539046356264,0.09066230376983773,0.09066230376983773,0.09066230376983773,-0.09915240602276322,inf,2.95389247057656,0.0020544108746381176,3.62,0.11,0.17204868052445166,0.0021779978150862304,-0.1499999999999999,0.1244,0.05503900176235022,0.00356,-0.04322766570605185,0.68866,-2.146991203496345,2.2732355741023693,8.220589687895622,6.701967038410756,0.020361170449955696,0.11837649150569694,0.10371535262754027,0.00965633793534551
0.0,CPPAGE4,4.98,0.19,0.0,0.0,293,0.191,7.8,MSARVRBRBRGRGDGQEAPDVVAFVAPGESQQEEPPTDNQDIEPGQEREGOPPIEERKVEGCDQEMDLEKORBERGDGBDVKEKOPPNPKHAKOKEAGDGQP,3.4275800039303395,0.008068516179291765,8.08654753367106,0.03537314727181047,5.0,5.0,5.0,5.333333333333333,5.333333333333333,5.333333333333333,0.09103842055445628,0.09103842055445628,0.09103842055445628,0.10888828945322519,0.10888828945322519,0.10888828945322519,-0.3117309229055544,inf,2.95389247057656,0.0020544108746381176,3.62,0.11,0.47368753335377933,0.0021195118279736104,1.3600000000000003,0.1461,0.1381988262303465,0.00235,0.2730923694779117,0.03986,-0.6517003431222211,-0.49394841571534903,66.75922006085669,36.80215788612567,11.452696083232325,2.4100078441969264,0.7855497885325086,0.01819626800988275
0.0,SN15p,0.96,0.06,0.0,0.0,293,0.166,7.5,DBBEEKFLRRIGRFG,0.8768990271937959,7.54054761270999e-05,2.08116348584493,0.0005764395716716533,6.666666666666667,6.666666666666667,6.666666666666667,3.3333333333333335,3.3333333333333335,3.3333333333333335,0.023001303358272135,0.023001303358272135,0.023001303358272135,0.0244839395740227,0.0244839395740227,0.0244839395740227,-0.08656351333979594,inf,0.9353405899415496,0.0009678012655744378,0.99,0.01,-0.058441562747753695,0.0009678069515602677,-0.030000000000000027,0.013600000000000001,-0.06664571511132265,0.00029,-0.03125000000000003,0.2148,0.948052091591788,-1.132662883562323,1.9182699114826316,4.373499629835689,0.02715393836200131,0.006905771681337473,0.0008089224915344092,0.001252856648241913
0.0,rOPNp,3.9,0.06,0.0,0.0,293,0.43,7.5,MPVKQADSGSSEQKQLYNKYPDAVATWLNPDPSQKQNLLAPQNAVBBBDDDDFKQETLPSKSNESHDHMDDMDDEDDDDHVDBQDBIDBNDBDDVDDTDDSHQBDEBHHBDEBDELVTDFPTDLPATEVFTPVVPTVDTYDGRGDSVVYGLRSKSKKHHHHHH,4.485493997020273,0.012763132587494024,10.202083905537924,0.04346000834174182,15.666666666666666,15.666666666666666,15.666666666666666,14.0,14.0,14.0,0.46782484985239403,0.46782484985239403,0.46782484985239403,0.3929512739632203,0.3929512739632203,0.3929512739632203,0.15012666590263424,inf,4.27773036166333,0.016112592759436235,3.86,0.06,0.20776363535694298,0.016275490312882186,0.040000000000000036,0.0636,0.04631900867439817,0.00676,0.010256410256410265,2.52815,4.19409088392357,3.516103345753818,95.2231168185489,6.957951957047119,0.00020347373430220926,0.34280322054677603,0.028144637348177317,0.001300511004657064
0.0,pERa,3.91,0.03,0.0,0.0,278,0.2,7.4,MTMTLHTKASGMALLHQIQGNELEPLNRPQLKIPLERPLGEVYLDSSKPAVYNYPEGAAYEFNAAAAANAQVYGQTGLPYGPGSEAAAFGSNGLGGFPPLNSVSPSPLMLLHPPPQLBPFLQPHGQQVPYYLENEPSGYTVREAGPPAFYRPNSDNRRQGGRERLASTNDKGSMAMESAKETRY,3.4860285067011296,0.0011965639198846423,7.989438056945801,0.008876518922539099,16.666666666666668,16.666666666666668,16.666666666666668,11.0,11.0,11.0,0.31969052701650463,0.31969052701650463,0.31969052701650463,0.21408385002684593,0.21408385002684593,0.21408385002684593,-0.10843260698180832,inf,3.498263065735475,0.005779593205594796,3.39,0.02,-0.012234559034345338,0.005781024970809166,0.52,0.020900000000000002,-0.003509598103064007,0.22327,0.1329923273657289,0.00784,-1.023527998142972,-1.026389478044193,199.7242523667491,648.5053589214624,303.14152398557724,0.1797518271300742,0.28327362583048404,0.018632775656687896
