dlambda,protein,exp_rg,exp_rg_err,exp_ree,exp_ree_err,temp,ionic,pH,seq,rg,rg_err,ree,ree_err,bs_rg0,bs_rg1,bs_rg2,bs_ree0,bs_ree1,bs_ree2,acf_rg0,acf_rg1,acf_rg2,acf_ree0,acf_ree1,acf_ree2,rel_err_rg,rel_err_ree,up_ree,up_ree_err,up_exp_ree,up_exp_ree_err,dree,dree_err,exp_dree,exp_dree_err,ratio_ree,ratio_ree_err,exp_ratio_ree,exp_ratio_ree_err,rel_err_dree,rel_err_ratio,chi2_ree,chi2_dree,chi2_ratio,chi2_ree_ne,chi2_dree_ne,chi2_ratio_ne
-0.62,pTauT,0.0,0.0,3.1689,0.0038,293,0.095,6.8,AKOPPAPKOPP,0.7883673158809773,0.000625577989972931,1.9907771348953247,0.005103363865208879,3.3333333333333335,3.3333333333333335,3.3333333333333335,1.3333333333333333,1.3333333333333333,1.3333333333333333,0.009766505572939701,0.009766505572939701,0.009766505572939701,0.0074173306081225,0.0074173306081225,0.0074173306081225,inf,-0.3717765991683787,1.9122274319330852,0.0013666825960408288,2.9445,0.0065,0.07854970296223951,0.0013927269187815486,0.2243999999999997,0.00651444,0.03945680387090123,0.00258,0.07081321594244051,0.00147,-0.649956760417827,-0.44280451966800777,96120.04745723328,501.2570097333047,455.0069776482829,1.3879734852824486,0.021272309146002883,0.0009832245780001744
-0.62,pTauS,0.0,0.0,3.1,0.0035,293,0.095,6.8,AKBPPAPKBPP,0.7832610412280586,0.0006595635474603374,1.9678006966908772,0.002953383821592603,2.6666666666666665,2.6666666666666665,2.6666666666666665,1.3333333333333333,1.3333333333333333,1.3333333333333333,-0.0078378454395023,-0.0078378454395023,-0.0078378454395023,-0.009532954599687466,-0.009532954599687466,-0.009532954599687466,inf,-0.36522558171262026,1.8845510085423787,0.006132969749150431,2.9173,0.0047,0.08324968814849854,0.006141692225148076,0.18270000000000008,0.00471225,0.04230595521614264,0.00565,0.05893548387096777,0.00131,-0.5443366822742283,-0.28216496349183295,104642.87856438068,445.4055788268143,161.14516827786846,1.2818752624136633,0.009890364527360909,0.00027654122328165005
-0.57,pTauT,0.0,0.0,3.1689,0.0038,293,0.095,6.8,AKOPPAPKOPP,0.7873663292421712,0.0009664593924159433,1.9887363115946453,0.0037842266198303775,5.333333333333333,5.333333333333333,5.333333333333333,3.3333333333333335,3.3333333333333335,3.3333333333333335,0.018975872057277732,0.018975872057277732,0.018975872057277732,0.0145855706654945,0.0145855706654945,0.0145855706654945,inf,-0.37242061548340266,1.9122274319330852,0.0013666825960408288,2.9445,0.0065,0.07650887966156006,0.0013810029671510616,0.2243999999999997,0.00651444,0.038471103089686286,0.00193,0.07081321594244051,0.00147,-0.6590513384065947,-0.45672424874818623,96453.34705197581,515.3829190307823,484.06324391702077,1.3927863314305309,0.02187178347495884,0.0010460122637802902
-0.57,pTauS,0.0,0.0,3.1,0.0035,293,0.095,6.8,AKBPPAPKBPP,0.7790417376557758,0.0008719632464209714,1.948127746582031,0.0036318604321969035,5.666666666666667,5.666666666666667,5.666666666666667,4.666666666666667,4.666666666666667,4.666666666666667,0.012181151540355933,0.012181151540355933,0.012181151540355933,0.003394805128341833,0.003394805128341833,0.003394805128341833,inf,-0.37157169465095774,1.8845510085423787,0.006132969749150431,2.9173,0.0047,0.06357673803965236,0.006146160159349389,0.18270000000000008,0.00471225,0.03263478904358149,0.00953,0.05893548387096777,0.00131,-0.6520156648075953,-0.4462624738089624,108310.99495462775,639.0524559511849,403.0805596429714,1.32680968819419,0.014190351540073627,0.0006917265484033033
-0.52,pTauT,0.0,0.0,3.1689,0.0038,293,0.095,6.8,AKOPPAPKOPP,0.7866140159540369,0.000910887984486059,1.9848676125208538,0.005676478723734975,2.3333333333333335,2.3333333333333335,2.3333333333333335,4.333333333333333,4.333333333333333,4.333333333333333,0.009230341365398966,0.009230341365398966,0.009230341365398966,0.0191253724022953,0.0191253724022953,0.0191253724022953,inf,-0.3736414489189139,1.9122274319330852,0.0013666825960408288,2.9445,0.0065,0.07264018058776855,0.0013989050067418447,0.2243999999999997,0.00651444,0.0365969902121144,0.00288,0.07081321594244051,0.00147,-0.6762915303575372,-0.4831898293976406,97086.75170357109,542.6995047755995,541.7881916000883,1.4019326945995667,0.023031042788033012,0.0011707501032286309
-0.52,pTauS,0.0,0.0,3.1,0.0035,293,0.095,6.8,AKBPPAPKBPP,0.7813037008585922,0.00031083584690982566,1.955142339070638,0.003236535990449895,7.0,7.0,7.0,3.3333333333333335,3.3333333333333335,3.3333333333333335,0.006316775620017499,0.006316775620017499,0.006316775620017499,-0.0012137419251413326,-0.0012137419251413326,-0.0012137419251413326,inf,-0.36930892288043937,1.8845510085423787,0.006132969749150431,2.9173,0.0047,0.07059133052825928,0.006143444914367908,0.18270000000000008,0.00471225,0.03610546870046011,0.00775,0.05893548387096777,0.00131,-0.6136216172509072,-0.3873729996090515,106995.84194193063,566.0069323696863,303.7174947180292,1.3106990637886504,0.012568353770724029,0.0005212095926856098
-0.47,pTauT,0.0,0.0,3.1689,0.0038,293,0.095,6.8,AKOPPAPKOPP,0.7858182781824737,0.0006753212549246076,1.977892796198527,0.004479823573342461,3.6666666666666665,3.6666666666666665,3.6666666666666665,4.0,4.0,4.0,-0.0051789884994751,-0.0051789884994751,-0.0051789884994751,-0.0030575570305124,-0.0030575570305124,-0.0030575570305124,inf,-0.37584247019516953,1.9122274319330852,0.0013666825960408288,2.9445,0.0065,0.0656653642654419,0.0013867514152891035,0.2243999999999997,0.00651444,0.03319965793477255,0.00231,0.07081321594244051,0.00147,-0.7073735995301159,-0.531165793094916,98233.94456419686,593.7303130549368,654.7178240530347,1.4184981595070028,0.025196684581782758,0.0014147797459962027
-0.47,pTauS,0.0,0.0,3.1,0.0035,293,0.095,6.8,AKBPPAPKBPP,0.7819695604250221,0.0004005290727359773,1.962287425994873,0.0006012249185919481,12.333333333333334,12.333333333333334,12.333333333333334,15.666666666666666,15.666666666666666,15.666666666666666,0.0012709441429012668,0.0012709441429012668,0.0012709441429012668,0.0027520580279900334,0.0027520580279900334,0.0027520580279900334,inf,-0.36700405613068615,1.8845510085423787,0.006132969749150431,2.9173,0.0047,0.07773641745249438,0.006133331220553167,0.18270000000000008,0.00471225,0.03961520438988813,0.00623,0.05893548387096777,0.00131,-0.5745133144362652,-0.32782083410698876,105664.48171831603,496.1587382380388,217.51249882117992,1.2943899010493716,0.011017353661207045,0.00037327319922702683
-0.42,pTauT,0.0,0.0,3.1689,0.0038,293,0.095,6.8,AKOPPAPKOPP,0.7852248706552428,0.0002623407797407851,1.977370301882426,0.004877046546966334,4.666666666666667,4.666666666666667,4.666666666666667,3.6666666666666665,3.6666666666666665,3.6666666666666665,0.007768487945502433,0.007768487945502433,0.007768487945502433,0.0020701812230058,0.0020701812230058,0.0020701812230058,inf,-0.37600735211511055,1.9122274319330852,0.0013666825960408288,2.9445,0.0065,0.06514286994934082,0.0013904681790621052,0.2243999999999997,0.00651444,0.03294419355207561,0.00251,0.07081321594244051,0.00147,-0.7097020055733472,-0.5347733736757018,98320.15384322414,597.6454167371649,663.6414719801742,1.4197430214961566,0.02536283347197248,0.0014340628568019582
-0.42,pTauS,0.0,0.0,3.1,0.0035,293,0.095,6.8,AKBPPAPKBPP,0.7793490095583634,0.001061348380641714,1.9527724981307983,0.007025998615892665,13.333333333333334,13.333333333333334,13.333333333333334,3.3333333333333335,3.3333333333333335,3.3333333333333335,0.011347459468250267,0.011347459468250267,0.011347459468250267,0.008482779161953967,0.008482779161953967,0.008482779161953967,inf,-0.37007338769974246,1.8845510085423787,0.006132969749150431,2.9173,0.0047,0.06822148958841967,0.006182334405700957,0.18270000000000008,0.00471225,0.034935707899267095,0.00897,0.05893548387096777,0.00131,-0.6265928320283545,-0.4072211577026385,107439.2604934734,590.1892480249082,335.63850981400907,1.3161309410450492,0.013105329346054325,0.000575989246691821
-0.37,pTauT,0.0,0.0,3.1689,0.0038,293,0.095,6.8,AKOPPAPKOPP,0.7833018856799642,0.0003756619908216323,1.9659610191980998,0.001066804710479203,2.6666666666666665,2.6666666666666665,2.6666666666666665,1.3333333333333333,1.3333333333333333,1.3333333333333333,0.003929224544067633,0.003929224544067633,0.003929224544067633,-0.0054596075642522335,-0.0054596075642522335,-0.0054596075642522335,inf,-0.3796077442651709,1.9122274319330852,0.0013666825960408288,2.9445,0.0065,0.05373358726501465,0.0013678206683311294,0.2243999999999997,0.00651444,0.027331969830679634,0.00085,0.07081321594244051,0.00147,-0.7605455112967259,-0.6140272763081961,100212.0631255342,686.3441608959304,874.9219137542324,1.447062191532714,0.02912702443582827,0.0018906187634315206
-0.37,pTauS,0.0,0.0,3.1,0.0035,293,0.095,6.8,AKBPPAPKBPP,0.7786668679258298,0.0006387542578660976,1.9509501854578655,0.003537419814059712,1.6666666666666667,1.6666666666666667,1.6666666666666667,1.3333333333333333,1.3333333333333333,1.3333333333333333,-0.0037318873452171,-0.0037318873452171,-0.0037318873452171,0.0006370780685063335,0.0006370780685063335,0.0006370780685063335,inf,-0.37066123049746275,1.8845510085423787,0.006132969749150431,2.9173,0.0047,0.0663991769154868,0.006145483088091333,0.18270000000000008,0.00471225,0.03403427591868712,0.00876,0.05893548387096777,0.00131,-0.6365671761604446,-0.42251639108960026,107780.85520810724,609.1285149070143,361.3251893728366,1.320315476299314,0.013525881450135257,0.0006200701574827248
-0.32,pTauT,0.0,0.0,3.1689,0.0038,293,0.095,6.8,AKOPPAPKOPP,0.7846020645761067,0.0006834097428110599,1.977985938390096,0.0037942502745193104,12.666666666666666,12.666666666666666,12.666666666666666,5.666666666666667,5.666666666666667,5.666666666666667,0.015077966669322132,0.015077966669322132,0.015077966669322132,0.010218477182562967,0.010218477182562967,0.010218477182562967,inf,-0.37581307760103,1.9122274319330852,0.0013666825960408288,2.9445,0.0065,0.06575850645701076,0.0013810789311865187,0.2243999999999997,0.00651444,0.03324518399283077,0.00197,0.07081321594244051,0.00147,-0.7069585273751745,-0.5305228896841286,98218.58048062312,593.0337402186101,653.1338907709281,1.4182763021401978,0.025167123473550206,0.0014113570245668987
-0.32,pTauS,0.0,0.0,3.1,0.0035,293,0.095,6.8,AKBPPAPKBPP,0.7779450662386229,0.0013450258582531692,1.9449930588404338,0.006151405772815552,4.333333333333333,4.333333333333333,4.333333333333333,3.3333333333333335,3.3333333333333335,3.3333333333333335,0.012553310801212698,0.012553310801212698,0.012553310801212698,6.289864762436664e-05,6.289864762436664e-05,6.289864762436664e-05,inf,-0.37258288424502134,1.8845510085423787,0.006132969749150431,2.9173,0.0047,0.06044205029805516,0.006170809542132259,0.18270000000000008,0.00471225,0.031075715166865175,0.01089,0.05893548387096777,0.00131,-0.6691732331797748,-0.47271638195247945,108901.30890830838,673.1278669170334,452.28524692389385,1.3340410341267777,0.014947006265323295,0.0007761667122460943
-0.27,pTauT,0.0,0.0,3.1689,0.0038,293,0.095,6.8,AKOPPAPKOPP,0.7822177348657954,0.00045386573923991236,1.9675281445185344,0.0036887806146554086,2.6666666666666665,2.6666666666666665,2.6666666666666665,2.3333333333333335,2.3333333333333335,2.3333333333333335,0.0085946836678929,0.0085946836678929,0.0085946836678929,0.014999782082361366,0.014999782082361366,0.014999782082361366,inf,-0.37911321136087145,1.9122274319330852,0.0013666825960408288,2.9445,0.0065,0.05530071258544922,0.0013802896984638864,0.2243999999999997,0.00651444,0.028106694554543017,0.00198,0.07081321594244051,0.00147,-0.7535618868741119,-0.603086878904227,99951.13124258857,673.7974732896096,844.0219209842872,1.443294335142979,0.028594569004108755,0.0018238469690549464
-0.27,pTauS,0.0,0.0,3.1,0.0035,293,0.095,6.8,AKBPPAPKBPP,0.7769297498640153,0.0010826563933992674,1.939988136291504,0.002986400325352658,4.666666666666667,4.666666666666667,4.666666666666667,3.0,3.0,3.0,0.005188584577450799,0.005188584577450799,0.005188584577450799,0.012052610412315966,0.012052610412315966,0.012052610412315966,inf,-0.3741973753898375,1.8845510085423787,0.006132969749150431,2.9173,0.0047,0.05543712774912524,0.006141888336053698,0.18270000000000008,0.00471225,0.0285760137972283,0.01237,0.05893548387096777,0.00131,-0.6965674452702506,-0.5151305814372868,109847.14481179253,729.3681512052069,537.0884116067142,1.3456275239444586,0.01619583865354249,0.0009216974231582821
-0.22,pTauT,0.0,0.0,3.1689,0.0038,293,0.095,6.8,AKOPPAPKOPP,0.7816668869786693,0.0009589863165163612,1.9656510750452678,0.005461805390342133,2.6666666666666665,2.6666666666666665,2.6666666666666665,2.0,2.0,2.0,0.012097175716324134,0.012097175716324134,0.012097175716324134,0.005673479367526967,0.005673479367526967,0.005673479367526967,inf,-0.37970555238560133,1.9122274319330852,0.0013666825960408288,2.9445,0.0065,0.05342364311218262,0.0013965139141627991,0.2243999999999997,0.00651444,0.02717859939152848,0.00286,0.07081321594244051,0.00147,-0.7619267240990076,-0.616193121159471,100263.710208083,688.8393387359137,881.1049847494685,1.4478079754047184,0.0292329146146302,0.0019039797615451263
-0.22,pTauS,0.0,0.0,3.1,0.0035,293,0.095,6.8,AKBPPAPKBPP,0.7762523763442318,0.0001575101144214694,1.9367140928904216,0.00026821307967586796,2.6666666666666665,2.6666666666666665,2.6666666666666665,2.0,2.0,2.0,0.014115889832155165,0.014115889832155165,0.014115889832155165,0.014022782362293667,0.014022782362293667,0.014022782362293667,inf,-0.37525351842244464,1.8845510085423787,0.006132969749150431,2.9173,0.0047,0.052163084348042954,0.00613304168740654,0.18270000000000008,0.00471225,0.02693380739032724,0.01382,0.05893548387096777,0.00131,-0.7144877703993272,-0.5429950579637963,110468.0899330412,767.3792427918095,596.7643479818082,1.3532341016797549,0.01703988634792617,0.001024107297571581
-0.17,pTauT,0.0,0.0,3.1689,0.0038,293,0.095,6.8,AKOPPAPKOPP,0.7810726401713594,0.0007707778781810829,1.9619427522023518,0.004742604005555251,7.333333333333333,7.333333333333333,7.333333333333333,7.0,7.0,7.0,0.006748455315924401,0.006748455315924401,0.006748455315924401,-0.0008403586626593655,-0.0008403586626593655,-0.0008403586626593655,inf,-0.38087577638854114,1.9122274319330852,0.0013666825960408288,2.9445,0.0065,0.049715320269266616,0.0013891748887943376,0.2243999999999997,0.00651444,0.025339842466585414,0.00254,0.07081321594244051,0.00147,-0.7784522269640523,-0.6421594171463342,100882.67299247043,719.043987334344,956.9289163194052,1.456745798011273,0.030514737332628793,0.0020678276952746026
-0.17,pTauS,0.0,0.0,3.1,0.0035,293,0.095,6.8,AKBPPAPKBPP,0.7752065791747415,0.00010809083541406676,1.9312879641850789,0.0012403273484225526,1.0,1.0,1.0,2.0,2.0,2.0,-0.0035307952944947005,-0.0035307952944947005,-0.0035307952944947005,0.0039234939713102,0.0039234939713102,0.0039234939713102,inf,-0.3770038825209423,1.8845510085423787,0.006132969749150431,2.9173,0.0047,0.046736955642700195,0.006134508161081676,0.18270000000000008,0.00471225,0.02419988966400523,0.01724,0.05893548387096777,0.00131,-0.7441874349058556,-0.5893833718751167,111501.04674764551,832.5016720726017,703.0834478822735,1.3658878226586577,0.018485949430905098,0.0012065615049107695
-0.12,pTauT,0.0,0.0,3.1689,0.0038,293,0.095,6.8,AKOPPAPKOPP,0.7797559449910012,0.00012209766258021584,1.954280932744344,0.0004476031905414068,3.6666666666666665,3.6666666666666665,3.6666666666666665,3.0,3.0,3.0,0.009708064165069733,0.009708064165069733,0.009708064165069733,0.0011777804982262333,0.0011777804982262333,0.0011777804982262333,inf,-0.3832935931255817,1.9122274319330852,0.0013666825960408288,2.9445,0.0065,0.042053500811258804,0.0013668829446570117,0.2243999999999997,0.00651444,0.021518656865880694,0.00108,0.07081321594244051,0.00147,-0.8125958074364579,-0.69612089241404,102167.55391558167,783.5030344549888,1124.5099516647904,1.4752994785409994,0.03325024576638949,0.0024299535545524455
-0.12,pTauS,0.0,0.0,3.1,0.0035,293,0.095,6.8,AKBPPAPKBPP,0.7759752720029973,0.000535709457428695,1.9351778427759807,0.00356063113459664,6.666666666666667,6.666666666666667,6.666666666666667,7.0,7.0,7.0,-0.008252981231756567,-0.008252981231756567,-0.008252981231756567,-0.011487880224560933,-0.011487880224560933,-0.011487880224560933,inf,-0.3757490829754901,1.8845510085423787,0.006132969749150431,2.9173,0.0047,0.050626834233602036,0.00614564784322709,0.18270000000000008,0.00471225,0.026161334175353452,0.01485,0.05893548387096777,0.00131,-0.7228963643481007,-0.5561021568495038,110760.05371102187,785.5476425205571,625.9220839522966,1.356810657960018,0.017443321115558456,0.001074144888270536
-0.07,pTauT,0.0,0.0,3.1689,0.0038,293,0.095,6.8,AKOPPAPKOPP,0.7782069766028662,0.0007462199396963208,1.949988603591919,0.004225974623597936,5.333333333333333,5.333333333333333,5.333333333333333,4.666666666666667,4.666666666666667,4.666666666666667,0.004827229730178767,0.004827229730178767,0.004827229730178767,0.005803079654947234,0.005803079654947234,0.005803079654947234,inf,-0.38464811019851713,1.9122274319330852,0.0013666825960408288,2.9445,0.0065,0.03776117165883375,0.0013845414575601226,0.2243999999999997,0.00651444,0.01936481658881334,0.00255,0.07081321594244051,0.00147,-0.8317238339624162,-0.7265366876635889,102890.92744414804,820.823576094201,1224.9237799298,1.4857449922934978,0.034834052244563214,0.002646937796050305
-0.07,pTauS,0.0,0.0,3.1,0.0035,293,0.095,6.8,AKBPPAPKBPP,0.7748705790075568,0.0005903679590546447,1.9328598578770955,0.0027924512516958157,3.3333333333333335,3.3333333333333335,3.3333333333333335,4.333333333333333,4.333333333333333,4.333333333333333,0.0222677858585924,0.0222677858585924,0.0222677858585924,0.020219295334943165,0.020219295334943165,0.020219295334943165,inf,-0.37649682003964663,1.8845510085423787,0.006132969749150431,2.9173,0.0047,0.0483088493347168,0.0061407675331435286,0.18270000000000008,0.00471225,0.024993456787796048,0.01622,0.05893548387096777,0.00131,-0.7355837474837615,-0.5759183577330722,111201.31521262643,813.3635360163407,671.3252156137536,1.362216111354674,0.018060981377138872,0.0011520612025147626
-0.02,pTauT,0.0,0.0,3.1689,0.0038,293,0.095,6.8,AKOPPAPKOPP,0.778549963490903,0.000617683392203331,1.9533212184906006,0.0034521286245301807,6.333333333333333,6.333333333333333,6.333333333333333,4.333333333333333,4.333333333333333,4.333333333333333,0.010040091704730367,0.010040091704730367,0.010040091704730367,0.011056398221087968,0.011056398221087968,0.011056398221087968,inf,-0.38359644719284275,1.9122274319330852,0.0013666825960408288,2.9445,0.0065,0.04109378655751539,0.0013785997880811295,0.2243999999999997,0.00651444,0.021037905168137163,0.0021,0.07081321594244051,0.00147,-0.8168726089237279,-0.7029099033542338,102329.07022547616,791.7721025392066,1146.5507717518067,1.4776317740558758,0.03360116788662162,0.002477581562678479
-0.02,pTauS,0.0,0.0,3.1,0.0035,293,0.095,6.8,AKBPPAPKBPP,0.7711076617853642,0.0006164922637228158,1.9184072812398274,0.002110385861296138,2.0,2.0,2.0,1.6666666666666667,1.6666666666666667,1.6666666666666667,0.0036506492341713335,0.0036506492341713335,0.0036506492341713335,0.008435328412891767,0.008435328412891767,0.008435328412891767,inf,-0.3811589415355396,1.8845510085423787,0.006132969749150431,2.9173,0.0047,0.03385627269744873,0.00613742347763399,0.18270000000000008,0.00471225,0.01764811519875389,0.03288,0.05893548387096777,0.00131,-0.8146892572662906,-0.7005519588607715,113972.35534914746,997.7102356175949,993.3260368715737,1.3961613530270565,0.02215445515731627,0.0017046468118753076
0.0,pTauT,0.0,0.0,3.1689,0.0038,293,0.095,6.8,AKOPPAPKOPP,0.7776880098891211,0.00026221299575617576,1.947432041168213,0.0016860292425461775,5.0,5.0,5.0,2.3333333333333335,2.3333333333333335,2.3333333333333335,0.013284175509939032,0.013284175509939032,0.013284175509939032,0.016938300937119035,0.016938300937119035,0.016938300937119035,inf,-0.38545487671803685,1.9122274319330852,0.0013666825960408288,2.9445,0.0065,0.03520460923512769,0.0013695252906475496,0.2243999999999997,0.00651444,0.01807745199365693,0.00174,0.07081321594244051,0.00147,-0.8431167146384682,-0.7447164098810183,103322.98992054653,843.464729321119,1286.9919011809072,1.491983974452692,0.03579489588667262,0.0027810607992618222
0.0,pTauS,0.0,0.0,3.1,0.0035,293,0.095,6.8,AKBPPAPKBPP,0.772383377921909,0.0006859672125759797,1.92238982518514,0.0029898244610236154,2.6666666666666665,2.6666666666666665,2.6666666666666665,1.6666666666666667,1.6666666666666667,1.6666666666666667,0.008411285977280998,0.008411285977280998,0.008411285977280998,-0.0011949840382569667,-0.0011949840382569667,-0.0011949840382569667,inf,-0.37987424994027746,1.8845510085423787,0.006132969749150431,2.9173,0.0047,0.03783881664276123,0.006141908799458166,0.18270000000000008,0.00471225,0.01968321728872919,0.02639,0.05893548387096777,0.00131,-0.7928909871770049,-0.6660209436504627,113205.36521040698,945.0339506602005,897.8150642987724,1.3867657238274855,0.020984762443659575,0.0015407404318431234
