,exp_rg,exp_rg_err,exp_ree,exp_ree_err,temp,ionic,pH,seq,rg,rg_err,ree,ree_err,bs_rg,bs_rg_err,acf_rg_2,acf_rg_2_err,bs_ree,bs_ree_err,acf_ree_2,acf_ree_2_err
10pAsh1,2.75,0.01,0.0,0.0,298,0.19,7.5,SASSDPDPSEPTKSGKMRSRSSDPVRPKAYEPDPRDPNYHRFALDDPPQDPRRSSNSSITKKGSRRSSGSDPTRHTTRVCV,2.4629135772774107,0.0026806270775656124,5.894017219543457,0.01162320205332481,4.666666666666667,0.7200822998230956,-0.05183885324771459,0.008673354293653665,2.3333333333333335,0.5443310539518174,-0.044008561957279264,0.0014327255426058794
pCTD2,2.75,0.01,0.0,0.0,296,0.117,7.5,FAGSGSNIYSPGNAYSPSDSNYSPNDPSYSPTDPSYSPSDPSYSPTDPCYSPTDPSYSPTDPNYTPVEPSYSPTDPNYSADPQ,2.61171553398631,0.004084651190919144,6.158081690470378,0.0246088273764521,5.666666666666667,1.186342028003479,-0.05623220790480393,0.0032425711130335986,3.6666666666666665,0.2721655269759087,-0.0269173722866609,0.002978062548874713
pSic-6fold,3.18,0.11,0.0,0.0,293,0.191,7.5,GSMTPSEPPRSRGTRYLAQPSGNTSSSALMQGQKEPQKPSQNLVPVEPSTTKSFKNAPLLAPPNSNMGMTDPFNGLTDPQRDPFPKSSVKRT,2.7207307529322065,0.004764351505076233,6.412247816721599,0.0194750051430124,11.333333333333334,2.5962936545662054,0.018190484792966904,0.010868885613485408,9.333333333333334,1.9051586888313607,0.020162511743499468,0.008392587842136387
pSic-7fold,3.18,0.11,0.0,0.0,293,0.191,7.5,GSMEPSEPPRSRGTRYLAQPSGNTSSSALMQGQKEPQKPSQNLVPVEPSTTKSFKNAPLLAPPNSNMGMTDPFNGLTDPQRDPFPKSSVKRT,2.721187000747326,0.0033478778821023772,6.368764400482178,0.015196477032217548,6.0,0.47140452079103173,0.013451773209653031,0.0046554206808192816,5.333333333333333,0.2721655269759087,0.020576670469652034,0.006057901063041604
HPPAGE4,3.47,0.12,0.0,0.0,293,0.191,7.8,MSARVRSRDRGRGDGQEAPDVVAFVAPGESQQEEPPTDNQDIEPGQEREGEPPIEERKVEGCDQEMDLEKTRSERGDGSDVKEKTPPNPKHAKTKEAGDGQP,3.092244047461081,0.0018672412338080922,7.118326663970947,0.017008178983848352,7.0,0.0,0.08329581293612749,0.010394499276794094,7.666666666666667,0.2721655269759087,0.08896593691576893,0.008816840319404287
CPPAGE4,4.98,0.19,0.0,0.0,293,0.191,7.8,MSARVRDRDRGRGDGQEAPDVVAFVAPGESQQEEPPTDNQDIEPGQEREGEPPIEERKVEGCDQEMDLEKERDERGDGDDVKEKEPPNPKHAKEKEAGDGQP,3.280421806788379,0.0027801028661583985,7.685262838999431,0.0058998582926925395,6.333333333333333,1.5153535218873173,0.07451987694038632,0.006293736088554313,11.333333333333334,2.8803291992923823,0.0980171046793245,0.0042332350183305
SN15p,0.96,0.06,0.0,0.0,293,0.166,7.5,DDDEEKFLRRIGRFG,0.9230764411951204,0.0010412775328070547,2.273733615875244,0.0035640349768247086,6.333333333333333,2.4190601174530273,0.022647678308852167,0.009624024189641048,5.0,0.47140452079103173,0.021572261275343868,0.004912510360675863
rOPNp,3.9,0.06,0.0,0.0,293,0.43,7.5,MPVKQADSGSSEQKQLYNKYPDAVATWLNPDPSQKQNLLAPQNAVDDDDDDDFKQETLPSKSNESHDHMDDMDDEDDDDHVDDQDDIDDNDDDDVDDTDDSHQDDEDHHDDEDDELVTDFPTDLPATEVFTPVVPTVDTYDGRGDSVVYGLRSKSKKHHHHHH,4.4624639324673865,0.00938454244758942,10.208176612854004,0.02342213661458404,17.666666666666668,4.95161776781271,0.4373598132703373,0.011416234250660282,14.333333333333334,2.9938207967349957,0.36460896049063907,0.006961302303475732
pERa,3.91,0.03,0.0,0.0,278,0.2,7.4,MTMTLHTKASGMALLHQIQGNELEPLNRPQLKIPLERPLGEVYLDSSKPAVYNYPEGAAYEFNAAAAANAQVYGQTGLPYGPGSEAAAFGSNGLGGFPPLNSVSPSPLMLLHPPPQLDPFLQPHGQQVPYYLENEPSGYTVREAGPPAFYRPNSDNRRQGGRERLASTNDKGSMAMESAKETRY,3.497591046333367,0.011047713903571923,7.961009820302327,0.053675434960830215,10.333333333333334,1.6555182695279267,0.30237184287551,0.00929001164663128,7.333333333333333,1.0886621079036347,0.21117414981782226,0.008787582364859775
pTauT,0.0,0.0,3.1689,0.0038,293,0.095,6.8,AKEPPAPKEPP,0.7760362693230728,0.00022758468161898177,1.9325839281082153,0.0008827776124320395,3.6666666666666665,0.2721655269759087,0.011860503984524632,0.002531772489422107,4.0,0.47140452079103173,0.0129779578888862,0.0015728568744598766
pTauS,0.0,0.0,3.1,0.0035,293,0.095,6.8,AKDPPAPKDPP,0.772122927233538,0.0002403731487674264,1.9215128024419148,0.002178348179421102,6.0,3.2659863237109046,-0.0026338333278516333,0.008906648704178599,5.333333333333333,2.7216552697590872,0.00023017465553480028,0.00825062737803301
